,INCIDENT_NUMBER,OFFENSE_CODE_GROUP,DISTRICT,REPORTING_AREA,SHOOTING,OCCURRED_ON_DATE,YEAR,MONTH,DAY_OF_WEEK,HOUR,STREET,Lat,Long,Location,date_occured,NUM_RECORDS
0,I192062990,HOME INVASION,B2,288,0,2019-08-11 18:20:00,2019,8,Sunday,18,MADISON PARK CT,42.33102946,-71.08618278,"(42.33102946, -71.08618278)",2019-08-11,11
1,I192062990,Robbery,B2,288,0,2019-08-11 18:20:00,2019,8,Sunday,18,MADISON PARK CT,42.33102946,-71.08618278,"(42.33102946, -71.08618278)",2019-08-11,11
2,I192062990,Other,B2,288,0,2019-08-11 18:20:00,2019,8,Sunday,18,MADISON PARK CT,42.33102946,-71.08618278,"(42.33102946, -71.08618278)",2019-08-11,11
3,I192062990,Confidence Games,B2,288,0,2019-08-11 18:20:00,2019,8,Sunday,18,MADISON PARK CT,42.33102946,-71.08618278,"(42.33102946, -71.08618278)",2019-08-11,11
4,I192062990,Other,B2,288,0,2019-08-11 18:20:00,2019,8,Sunday,18,MADISON PARK CT,42.33102946,-71.08618278,"(42.33102946, -71.08618278)",2019-08-11,11
5,I192062990,Robbery,B2,288,0,2019-08-11 18:20:00,2019,8,Sunday,18,MADISON PARK CT,42.33102946,-71.08618278,"(42.33102946, -71.08618278)",2019-08-11,11
6,I192062990,Search Warrants,B2,288,0,2019-08-11 18:20:00,2019,8,Sunday,18,MADISON PARK CT,42.33102946,-71.08618278,"(42.33102946, -71.08618278)",2019-08-11,11
7,I192062990,Warrant Arrests,B2,288,0,2019-08-11 18:20:00,2019,8,Sunday,18,MADISON PARK CT,42.33102946,-71.08618278,"(42.33102946, -71.08618278)",2019-08-11,11
8,I192062990,Aggravated Assault,B2,288,0,2019-08-11 18:20:00,2019,8,Sunday,18,MADISON PARK CT,42.33102946,-71.08618278,"(42.33102946, -71.08618278)",2019-08-11,11
9,I192062990,Fraud,B2,288,0,2019-08-11 18:20:00,2019,8,Sunday,18,MADISON PARK CT,42.33102946,-71.08618278,"(42.33102946, -71.08618278)",2019-08-11,11
10,I192062990,Robbery,B2,288,0,2019-08-11 18:20:00,2019,8,Sunday,18,MADISON PARK CT,42.33102946,-71.08618278,"(42.33102946, -71.08618278)",2019-08-11,11
11,I192051252,Aggravated Assault,B2,260,1,2019-07-04 22:58:00,2019,7,Thursday,22,FOLSOM ST,42.31920052,-71.07103601,"(42.31920052, -71.07103601)",2019-07-04,8
12,I192051252,Aggravated Assault,B2,260,1,2019-07-04 22:58:00,2019,7,Thursday,22,FOLSOM ST,42.31920052,-71.07103601,"(42.31920052, -71.07103601)",2019-07-04,8
13,I192051252,Ballistics,B2,260,1,2019-07-04 22:58:00,2019,7,Thursday,22,FOLSOM ST,42.31920052,-71.07103601,"(42.31920052, -71.07103601)",2019-07-04,8
14,I192051252,Ballistics,B2,260,1,2019-07-04 22:58:00,2019,7,Thursday,22,FOLSOM ST,42.31920052,-71.07103601,"(42.31920052, -71.07103601)",2019-07-04,8
15,I192051252,Other,B2,260,1,2019-07-04 22:58:00,2019,7,Thursday,22,FOLSOM ST,42.31920052,-71.07103601,"(42.31920052, -71.07103601)",2019-07-04,8
16,I192051252,Other,B2,260,1,2019-07-04 22:58:00,2019,7,Thursday,22,FOLSOM ST,42.31920052,-71.07103601,"(42.31920052, -71.07103601)",2019-07-04,8
17,I192051252,Warrant Arrests,B2,260,1,2019-07-04 22:58:00,2019,7,Thursday,22,FOLSOM ST,42.31920052,-71.07103601,"(42.31920052, -71.07103601)",2019-07-04,8
18,I192051252,Warrant Arrests,B2,260,1,2019-07-04 22:58:00,2019,7,Thursday,22,FOLSOM ST,42.31920052,-71.07103601,"(42.31920052, -71.07103601)",2019-07-04,8
19,I192038674,Drug Violation,A1,102,0,2019-05-23 19:55:00,2019,5,Thursday,19,TREMONT ST,42.35637531,-71.06213513,"(42.35637531, -71.06213513)",2019-05-23,9
20,I192038674,Drug Violation,A1,102,0,2019-05-23 19:55:00,2019,5,Thursday,19,TREMONT ST,42.35637531,-71.06213513,"(42.35637531, -71.06213513)",2019-05-23,9
21,I192038674,Simple Assault,A1,102,0,2019-05-23 19:55:00,2019,5,Thursday,19,TREMONT ST,42.35637531,-71.06213513,"(42.35637531, -71.06213513)",2019-05-23,9
22,I192038674,Drug Violation,A1,102,0,2019-05-23 19:55:00,2019,5,Thursday,19,TREMONT ST,42.35637531,-71.06213513,"(42.35637531, -71.06213513)",2019-05-23,9
23,I192038674,Drug Violation,A1,102,0,2019-05-23 19:55:00,2019,5,Thursday,19,TREMONT ST,42.35637531,-71.06213513,"(42.35637531, -71.06213513)",2019-05-23,9
24,I192038674,Drug Violation,A1,102,0,2019-05-23 19:55:00,2019,5,Thursday,19,TREMONT ST,42.35637531,-71.06213513,"(42.35637531, -71.06213513)",2019-05-23,9
25,I192038674,Other,A1,102,0,2019-05-23 19:55:00,2019,5,Thursday,19,TREMONT ST,42.35637531,-71.06213513,"(42.35637531, -71.06213513)",2019-05-23,9
26,I192038674,Other,A1,102,0,2019-05-23 19:55:00,2019,5,Thursday,19,TREMONT ST,42.35637531,-71.06213513,"(42.35637531, -71.06213513)",2019-05-23,9
27,I192038674,Disorderly Conduct,A1,102,0,2019-05-23 19:55:00,2019,5,Thursday,19,TREMONT ST,42.35637531,-71.06213513,"(42.35637531, -71.06213513)",2019-05-23,9
28,I192032179,Aggravated Assault,C11,823,1,2019-05-01 18:26:00,2019,5,Wednesday,18,WINDERMERE RD,42.31424363,-71.06258627,"(42.31424363, -71.06258627)",2019-05-01,8
29,I192032179,Aggravated Assault,C11,823,1,2019-05-01 18:26:00,2019,5,Wednesday,18,WINDERMERE RD,42.31424363,-71.06258627,"(42.31424363, -71.06258627)",2019-05-01,8
30,I192032179,Aggravated Assault,C11,823,1,2019-05-01 18:26:00,2019,5,Wednesday,18,WINDERMERE RD,42.31424363,-71.06258627,"(42.31424363, -71.06258627)",2019-05-01,8
31,I192032179,Aggravated Assault,C11,823,1,2019-05-01 18:26:00,2019,5,Wednesday,18,WINDERMERE RD,42.31424363,-71.06258627,"(42.31424363, -71.06258627)",2019-05-01,8
32,I192032179,Homicide,C11,823,1,2019-05-01 18:26:00,2019,5,Wednesday,18,WINDERMERE RD,42.31424363,-71.06258627,"(42.31424363, -71.06258627)",2019-05-01,8
33,I192032179,Homicide,C11,823,1,2019-05-01 18:26:00,2019,5,Wednesday,18,WINDERMERE RD,42.31424363,-71.06258627,"(42.31424363, -71.06258627)",2019-05-01,8
34,I192032179,Homicide,C11,823,1,2019-05-01 18:26:00,2019,5,Wednesday,18,WINDERMERE RD,42.31424363,-71.06258627,"(42.31424363, -71.06258627)",2019-05-01,8
35,I192032179,Homicide,C11,823,1,2019-05-01 18:26:00,2019,5,Wednesday,18,WINDERMERE RD,42.31424363,-71.06258627,"(42.31424363, -71.06258627)",2019-05-01,8
36,I192031675,Drug Violation,C11, ,0,2019-04-29 21:01:00,2019,4,Monday,21,,42.30177104,-71.05104876,"(42.30177104, -71.05104876)",2019-04-29,8
37,I192031675,Drug Violation,C11, ,0,2019-04-29 21:01:00,2019,4,Monday,21,,42.30177104,-71.05104876,"(42.30177104, -71.05104876)",2019-04-29,8
38,I192031675,Violations,C11, ,0,2019-04-29 21:01:00,2019,4,Monday,21,,42.30177104,-71.05104876,"(42.30177104, -71.05104876)",2019-04-29,8
39,I192031675,Motor Vehicle Accident Response,C11, ,0,2019-04-29 21:01:00,2019,4,Monday,21,,42.30177104,-71.05104876,"(42.30177104, -71.05104876)",2019-04-29,8
40,I192031675,Drug Violation,C11, ,0,2019-04-29 21:01:00,2019,4,Monday,21,,42.30177104,-71.05104876,"(42.30177104, -71.05104876)",2019-04-29,8
41,I192031675,Drug Violation,C11, ,0,2019-04-29 21:01:00,2019,4,Monday,21,,42.30177104,-71.05104876,"(42.30177104, -71.05104876)",2019-04-29,8
42,I192031675,Drug Violation,C11, ,0,2019-04-29 21:01:00,2019,4,Monday,21,,42.30177104,-71.05104876,"(42.30177104, -71.05104876)",2019-04-29,8
43,I192031675,Other,C11, ,0,2019-04-29 21:01:00,2019,4,Monday,21,,42.30177104,-71.05104876,"(42.30177104, -71.05104876)",2019-04-29,8
44,I192026395,Drug Violation,E13,574,0,2019-04-10 16:43:00,2019,4,Wednesday,16,GREENLEY PL,42.31021459,-71.10508540000001,"(42.31021459, -71.10508540)",2019-04-10,8
45,I192026395,Other,E13,574,0,2019-04-10 16:43:00,2019,4,Wednesday,16,GREENLEY PL,42.31021459,-71.10508540000001,"(42.31021459, -71.10508540)",2019-04-10,8
46,I192026395,Search Warrants,E13,574,0,2019-04-10 16:43:00,2019,4,Wednesday,16,GREENLEY PL,42.31021459,-71.10508540000001,"(42.31021459, -71.10508540)",2019-04-10,8
47,I192026395,Firearm Discovery,E13,574,0,2019-04-10 16:43:00,2019,4,Wednesday,16,GREENLEY PL,42.31021459,-71.10508540000001,"(42.31021459, -71.10508540)",2019-04-10,8
48,I192026395,Drug Violation,E13,574,0,2019-04-10 16:43:00,2019,4,Wednesday,16,GREENLEY PL,42.31021459,-71.10508540000001,"(42.31021459, -71.10508540)",2019-04-10,8
49,I192026395,Drug Violation,E13,574,0,2019-04-10 16:43:00,2019,4,Wednesday,16,GREENLEY PL,42.31021459,-71.10508540000001,"(42.31021459, -71.10508540)",2019-04-10,8
50,I192026395,Drug Violation,E13,574,0,2019-04-10 16:43:00,2019,4,Wednesday,16,GREENLEY PL,42.31021459,-71.10508540000001,"(42.31021459, -71.10508540)",2019-04-10,8
51,I192026395,Firearm Violations,E13,574,0,2019-04-10 16:43:00,2019,4,Wednesday,16,GREENLEY PL,42.31021459,-71.10508540000001,"(42.31021459, -71.10508540)",2019-04-10,8
52,I192025403,Aggravated Assault,B3,469,1,2019-04-06 16:56:00,2019,4,Saturday,16,MATTAPAN ST,42.27732507,-71.09483139,"(42.27732507, -71.09483139)",2019-04-06,15
53,I192025403,Aggravated Assault,B3,469,1,2019-04-06 16:56:00,2019,4,Saturday,16,MATTAPAN ST,42.27732507,-71.09483139,"(42.27732507, -71.09483139)",2019-04-06,15
54,I192025403,Aggravated Assault,B3,469,1,2019-04-06 16:56:00,2019,4,Saturday,16,MATTAPAN ST,42.27732507,-71.09483139,"(42.27732507, -71.09483139)",2019-04-06,15
55,I192025403,Firearm Violations,B3,469,1,2019-04-06 16:56:00,2019,4,Saturday,16,MATTAPAN ST,42.27732507,-71.09483139,"(42.27732507, -71.09483139)",2019-04-06,15
56,I192025403,Firearm Violations,B3,469,1,2019-04-06 16:56:00,2019,4,Saturday,16,MATTAPAN ST,42.27732507,-71.09483139,"(42.27732507, -71.09483139)",2019-04-06,15
57,I192025403,Firearm Violations,B3,469,1,2019-04-06 16:56:00,2019,4,Saturday,16,MATTAPAN ST,42.27732507,-71.09483139,"(42.27732507, -71.09483139)",2019-04-06,15
58,I192025403,Firearm Violations,B3,469,1,2019-04-06 16:56:00,2019,4,Saturday,16,MATTAPAN ST,42.27732507,-71.09483139,"(42.27732507, -71.09483139)",2019-04-06,15
59,I192025403,Firearm Violations,B3,469,1,2019-04-06 16:56:00,2019,4,Saturday,16,MATTAPAN ST,42.27732507,-71.09483139,"(42.27732507, -71.09483139)",2019-04-06,15
60,I192025403,Firearm Violations,B3,469,1,2019-04-06 16:56:00,2019,4,Saturday,16,MATTAPAN ST,42.27732507,-71.09483139,"(42.27732507, -71.09483139)",2019-04-06,15
61,I192025403,Homicide,B3,469,1,2019-04-06 16:56:00,2019,4,Saturday,16,MATTAPAN ST,42.27732507,-71.09483139,"(42.27732507, -71.09483139)",2019-04-06,15
62,I192025403,Homicide,B3,469,1,2019-04-06 16:56:00,2019,4,Saturday,16,MATTAPAN ST,42.27732507,-71.09483139,"(42.27732507, -71.09483139)",2019-04-06,15
63,I192025403,Homicide,B3,469,1,2019-04-06 16:56:00,2019,4,Saturday,16,MATTAPAN ST,42.27732507,-71.09483139,"(42.27732507, -71.09483139)",2019-04-06,15
64,I192025403,Warrant Arrests,B3,469,1,2019-04-06 16:56:00,2019,4,Saturday,16,MATTAPAN ST,42.27732507,-71.09483139,"(42.27732507, -71.09483139)",2019-04-06,15
65,I192025403,Warrant Arrests,B3,469,1,2019-04-06 16:56:00,2019,4,Saturday,16,MATTAPAN ST,42.27732507,-71.09483139,"(42.27732507, -71.09483139)",2019-04-06,15
66,I192025403,Warrant Arrests,B3,469,1,2019-04-06 16:56:00,2019,4,Saturday,16,MATTAPAN ST,42.27732507,-71.09483139,"(42.27732507, -71.09483139)",2019-04-06,15
67,I192009132,Homicide,D4,273,1,2019-02-04 12:35:00,2019,2,Monday,12,NORTHAMPTON ST,42.33729692,-71.07919582,"(42.33729692, -71.07919582)",2019-02-04,10
68,I192009132,Drug Violation,D4,273,1,2019-02-04 12:35:00,2019,2,Monday,12,NORTHAMPTON ST,42.33729692,-71.07919582,"(42.33729692, -71.07919582)",2019-02-04,10
69,I192009132,Firearm Violations,D4,273,1,2019-02-04 12:35:00,2019,2,Monday,12,NORTHAMPTON ST,42.33729692,-71.07919582,"(42.33729692, -71.07919582)",2019-02-04,10
70,I192009132,Firearm Violations,D4,273,1,2019-02-04 12:35:00,2019,2,Monday,12,NORTHAMPTON ST,42.33729692,-71.07919582,"(42.33729692, -71.07919582)",2019-02-04,10
71,I192009132,Search Warrants,D4,273,1,2019-02-04 12:35:00,2019,2,Monday,12,NORTHAMPTON ST,42.33729692,-71.07919582,"(42.33729692, -71.07919582)",2019-02-04,10
72,I192009132,Robbery,D4,273,1,2019-02-04 12:35:00,2019,2,Monday,12,NORTHAMPTON ST,42.33729692,-71.07919582,"(42.33729692, -71.07919582)",2019-02-04,10
73,I192009132,Warrant Arrests,D4,273,1,2019-02-04 12:35:00,2019,2,Monday,12,NORTHAMPTON ST,42.33729692,-71.07919582,"(42.33729692, -71.07919582)",2019-02-04,10
74,I192009132,HOME INVASION,D4,273,1,2019-02-04 12:35:00,2019,2,Monday,12,NORTHAMPTON ST,42.33729692,-71.07919582,"(42.33729692, -71.07919582)",2019-02-04,10
75,I192009132,Drug Violation,D4,273,1,2019-02-04 12:35:00,2019,2,Monday,12,NORTHAMPTON ST,42.33729692,-71.07919582,"(42.33729692, -71.07919582)",2019-02-04,10
76,I192009132,Other,D4,273,1,2019-02-04 12:35:00,2019,2,Monday,12,NORTHAMPTON ST,42.33729692,-71.07919582,"(42.33729692, -71.07919582)",2019-02-04,10
77,I192008813,Firearm Violations,D4,624,0,2019-02-03 02:57:00,2019,2,Sunday,2,BROOKLINE AVE,42.34746241,-71.09826597,"(42.34746241, -71.09826597)",2019-02-03,12
78,I192008813,Police Service Incidents,D4,624,0,2019-02-03 02:57:00,2019,2,Sunday,2,BROOKLINE AVE,42.34746241,-71.09826597,"(42.34746241, -71.09826597)",2019-02-03,12
79,I192008813,Robbery,D4,624,0,2019-02-03 02:57:00,2019,2,Sunday,2,BROOKLINE AVE,42.34746241,-71.09826597,"(42.34746241, -71.09826597)",2019-02-03,12
80,I192008813,Aggravated Assault,D4,624,0,2019-02-03 02:57:00,2019,2,Sunday,2,BROOKLINE AVE,42.34746241,-71.09826597,"(42.34746241, -71.09826597)",2019-02-03,12
81,I192008813,Other,D4,624,0,2019-02-03 02:57:00,2019,2,Sunday,2,BROOKLINE AVE,42.34746241,-71.09826597,"(42.34746241, -71.09826597)",2019-02-03,12
82,I192008813,Warrant Arrests,D4,624,0,2019-02-03 02:57:00,2019,2,Sunday,2,BROOKLINE AVE,42.34746241,-71.09826597,"(42.34746241, -71.09826597)",2019-02-03,12
83,I192008813,Drug Violation,D4,624,0,2019-02-03 02:57:00,2019,2,Sunday,2,BROOKLINE AVE,42.34746241,-71.09826597,"(42.34746241, -71.09826597)",2019-02-03,12
84,I192008813,Firearm Violations,D4,624,0,2019-02-03 02:57:00,2019,2,Sunday,2,BROOKLINE AVE,42.34746241,-71.09826597,"(42.34746241, -71.09826597)",2019-02-03,12
85,I192008813,Firearm Violations,D4,624,0,2019-02-03 02:57:00,2019,2,Sunday,2,BROOKLINE AVE,42.34746241,-71.09826597,"(42.34746241, -71.09826597)",2019-02-03,12
86,I192008813,Other,D4,624,0,2019-02-03 02:57:00,2019,2,Sunday,2,BROOKLINE AVE,42.34746241,-71.09826597,"(42.34746241, -71.09826597)",2019-02-03,12
87,I192008813,Other,D4,624,0,2019-02-03 02:57:00,2019,2,Sunday,2,BROOKLINE AVE,42.34746241,-71.09826597,"(42.34746241, -71.09826597)",2019-02-03,12
88,I192008813,Other,D4,624,0,2019-02-03 02:57:00,2019,2,Sunday,2,BROOKLINE AVE,42.34746241,-71.09826597,"(42.34746241, -71.09826597)",2019-02-03,12
89,I192003542,Firearm Violations,D4,618,0,2019-01-14 01:11:00,2019,1,Monday,1,HUNTINGTON AVE,42.34091586,-71.08771531,"(42.34091586, -71.08771531)",2019-01-14,10
90,I192003542,Robbery,D4,618,0,2019-01-14 01:11:00,2019,1,Monday,1,HUNTINGTON AVE,42.34091586,-71.08771531,"(42.34091586, -71.08771531)",2019-01-14,10
91,I192003542,Aggravated Assault,D4,618,0,2019-01-14 01:11:00,2019,1,Monday,1,HUNTINGTON AVE,42.34091586,-71.08771531,"(42.34091586, -71.08771531)",2019-01-14,10
92,I192003542,Warrant Arrests,D4,618,0,2019-01-14 01:11:00,2019,1,Monday,1,HUNTINGTON AVE,42.34091586,-71.08771531,"(42.34091586, -71.08771531)",2019-01-14,10
93,I192003542,Search Warrants,D4,618,0,2019-01-14 01:11:00,2019,1,Monday,1,HUNTINGTON AVE,42.34091586,-71.08771531,"(42.34091586, -71.08771531)",2019-01-14,10
94,I192003542,Robbery,D4,618,0,2019-01-14 01:11:00,2019,1,Monday,1,HUNTINGTON AVE,42.34091586,-71.08771531,"(42.34091586, -71.08771531)",2019-01-14,10
95,I192003542,Vandalism,D4,618,0,2019-01-14 01:11:00,2019,1,Monday,1,HUNTINGTON AVE,42.34091586,-71.08771531,"(42.34091586, -71.08771531)",2019-01-14,10
96,I192003542,Aggravated Assault,D4,618,0,2019-01-14 01:11:00,2019,1,Monday,1,HUNTINGTON AVE,42.34091586,-71.08771531,"(42.34091586, -71.08771531)",2019-01-14,10
97,I192003542,Other,D4,618,0,2019-01-14 01:11:00,2019,1,Monday,1,HUNTINGTON AVE,42.34091586,-71.08771531,"(42.34091586, -71.08771531)",2019-01-14,10
98,I192003542,Drug Violation,D4,618,0,2019-01-14 01:11:00,2019,1,Monday,1,HUNTINGTON AVE,42.34091586,-71.08771531,"(42.34091586, -71.08771531)",2019-01-14,10
99,I182100945,Vandalism,D4,134,0,2018-12-15 10:48:00,2018,12,Saturday,10,BERKELEY ST,42.35185194,-71.07334626,"(42.35185194, -71.07334626)",2018-12-15,8
100,I182100945,Disorderly Conduct,D4,134,0,2018-12-15 10:48:00,2018,12,Saturday,10,BERKELEY ST,42.35185194,-71.07334626,"(42.35185194, -71.07334626)",2018-12-15,8
101,I182100945,Aggravated Assault,D4,134,0,2018-12-15 10:48:00,2018,12,Saturday,10,BERKELEY ST,42.35185194,-71.07334626,"(42.35185194, -71.07334626)",2018-12-15,8
102,I182100945,Firearm Violations,D4,134,0,2018-12-15 10:48:00,2018,12,Saturday,10,BERKELEY ST,42.35185194,-71.07334626,"(42.35185194, -71.07334626)",2018-12-15,8
103,I182100945,Simple Assault,D4,134,0,2018-12-15 10:48:00,2018,12,Saturday,10,BERKELEY ST,42.35185194,-71.07334626,"(42.35185194, -71.07334626)",2018-12-15,8
104,I182100945,Other,D4,134,0,2018-12-15 10:48:00,2018,12,Saturday,10,BERKELEY ST,42.35185194,-71.07334626,"(42.35185194, -71.07334626)",2018-12-15,8
105,I182100945,Other,D4,134,0,2018-12-15 10:48:00,2018,12,Saturday,10,BERKELEY ST,42.35185194,-71.07334626,"(42.35185194, -71.07334626)",2018-12-15,8
106,I182100945,Aggravated Assault,D4,134,0,2018-12-15 10:48:00,2018,12,Saturday,10,BERKELEY ST,42.35185194,-71.07334626,"(42.35185194, -71.07334626)",2018-12-15,8
107,I182093874,Violations,E5,695,0,2018-11-20 13:00:00,2018,11,Tuesday,13,CENTRE ST,42.28728494,-71.15306857,"(42.28728494, -71.15306857)",2018-11-20,10
108,I182093874,Firearm Violations,E5,695,0,2018-11-20 13:00:00,2018,11,Tuesday,13,CENTRE ST,42.28728494,-71.15306857,"(42.28728494, -71.15306857)",2018-11-20,10
109,I182093874,Aggravated Assault,E5,695,0,2018-11-20 13:00:00,2018,11,Tuesday,13,CENTRE ST,42.28728494,-71.15306857,"(42.28728494, -71.15306857)",2018-11-20,10
110,I182093874,Violations,E5,695,0,2018-11-20 13:00:00,2018,11,Tuesday,13,CENTRE ST,42.28728494,-71.15306857,"(42.28728494, -71.15306857)",2018-11-20,10
111,I182093874,Motor Vehicle Accident Response,E5,695,0,2018-11-20 13:00:00,2018,11,Tuesday,13,CENTRE ST,42.28728494,-71.15306857,"(42.28728494, -71.15306857)",2018-11-20,10
112,I182093874,Firearm Violations,E5,695,0,2018-11-20 13:00:00,2018,11,Tuesday,13,CENTRE ST,42.28728494,-71.15306857,"(42.28728494, -71.15306857)",2018-11-20,10
113,I182093874,Other,E5,695,0,2018-11-20 13:00:00,2018,11,Tuesday,13,CENTRE ST,42.28728494,-71.15306857,"(42.28728494, -71.15306857)",2018-11-20,10
114,I182093874,Investigate Person,E5,695,0,2018-11-20 13:00:00,2018,11,Tuesday,13,CENTRE ST,42.28728494,-71.15306857,"(42.28728494, -71.15306857)",2018-11-20,10
115,I182093874,Motor Vehicle Accident Response,E5,695,0,2018-11-20 13:00:00,2018,11,Tuesday,13,CENTRE ST,42.28728494,-71.15306857,"(42.28728494, -71.15306857)",2018-11-20,10
116,I182093874,Operating Under the Influence,E5,695,0,2018-11-20 13:00:00,2018,11,Tuesday,13,CENTRE ST,42.28728494,-71.15306857,"(42.28728494, -71.15306857)",2018-11-20,10
117,I182093742,Aggravated Assault,B2,280,1,2018-11-19 21:33:00,2018,11,Monday,21,DUDLEY ST,42.32872589,-71.08382217,"(42.32872589, -71.08382217)",2018-11-19,12
118,I182093742,Aggravated Assault,B2,280,1,2018-11-19 21:33:00,2018,11,Monday,21,DUDLEY ST,42.32872589,-71.08382217,"(42.32872589, -71.08382217)",2018-11-19,12
119,I182093742,Aggravated Assault,B2,280,1,2018-11-19 21:33:00,2018,11,Monday,21,DUDLEY ST,42.32872589,-71.08382217,"(42.32872589, -71.08382217)",2018-11-19,12
120,I182093742,Search Warrants,B2,280,1,2018-11-19 21:33:00,2018,11,Monday,21,DUDLEY ST,42.32872589,-71.08382217,"(42.32872589, -71.08382217)",2018-11-19,12
121,I182093742,Search Warrants,B2,280,1,2018-11-19 21:33:00,2018,11,Monday,21,DUDLEY ST,42.32872589,-71.08382217,"(42.32872589, -71.08382217)",2018-11-19,12
122,I182093742,Search Warrants,B2,280,1,2018-11-19 21:33:00,2018,11,Monday,21,DUDLEY ST,42.32872589,-71.08382217,"(42.32872589, -71.08382217)",2018-11-19,12
123,I182093742,Firearm Violations,B2,280,1,2018-11-19 21:33:00,2018,11,Monday,21,DUDLEY ST,42.32872589,-71.08382217,"(42.32872589, -71.08382217)",2018-11-19,12
124,I182093742,Firearm Violations,B2,280,1,2018-11-19 21:33:00,2018,11,Monday,21,DUDLEY ST,42.32872589,-71.08382217,"(42.32872589, -71.08382217)",2018-11-19,12
125,I182093742,Firearm Violations,B2,280,1,2018-11-19 21:33:00,2018,11,Monday,21,DUDLEY ST,42.32872589,-71.08382217,"(42.32872589, -71.08382217)",2018-11-19,12
126,I182093742,Warrant Arrests,B2,280,1,2018-11-19 21:33:00,2018,11,Monday,21,DUDLEY ST,42.32872589,-71.08382217,"(42.32872589, -71.08382217)",2018-11-19,12
127,I182093742,Warrant Arrests,B2,280,1,2018-11-19 21:33:00,2018,11,Monday,21,DUDLEY ST,42.32872589,-71.08382217,"(42.32872589, -71.08382217)",2018-11-19,12
128,I182093742,Warrant Arrests,B2,280,1,2018-11-19 21:33:00,2018,11,Monday,21,DUDLEY ST,42.32872589,-71.08382217,"(42.32872589, -71.08382217)",2018-11-19,12
129,I182076120,Drug Violation,A1,115,0,2018-09-20 18:55:00,2018,9,Thursday,18,BOYLSTON ST,42.352311900000004,-71.06370509999999,"(42.35231190, -71.06370510)",2018-09-20,8
130,I182076120,Recovered Stolen Property,A1,115,0,2018-09-20 18:55:00,2018,9,Thursday,18,BOYLSTON ST,42.352311900000004,-71.06370509999999,"(42.35231190, -71.06370510)",2018-09-20,8
131,I182076120,Drug Violation,A1,115,0,2018-09-20 18:55:00,2018,9,Thursday,18,BOYLSTON ST,42.352311900000004,-71.06370509999999,"(42.35231190, -71.06370510)",2018-09-20,8
132,I182076120,Drug Violation,A1,115,0,2018-09-20 18:55:00,2018,9,Thursday,18,BOYLSTON ST,42.352311900000004,-71.06370509999999,"(42.35231190, -71.06370510)",2018-09-20,8
133,I182076120,Drug Violation,A1,115,0,2018-09-20 18:55:00,2018,9,Thursday,18,BOYLSTON ST,42.352311900000004,-71.06370509999999,"(42.35231190, -71.06370510)",2018-09-20,8
134,I182076120,Warrant Arrests,A1,115,0,2018-09-20 18:55:00,2018,9,Thursday,18,BOYLSTON ST,42.352311900000004,-71.06370509999999,"(42.35231190, -71.06370510)",2018-09-20,8
135,I182076120,Drug Violation,A1,115,0,2018-09-20 18:55:00,2018,9,Thursday,18,BOYLSTON ST,42.352311900000004,-71.06370509999999,"(42.35231190, -71.06370510)",2018-09-20,8
136,I182076120,Firearm Violations,A1,115,0,2018-09-20 18:55:00,2018,9,Thursday,18,BOYLSTON ST,42.352311900000004,-71.06370509999999,"(42.35231190, -71.06370510)",2018-09-20,8
137,I182065208,Other,C11,404,0,2018-08-15 19:53:00,2018,8,Wednesday,19,DORCHESTER AVE,42.27990988,-71.06593996,"(42.27990988, -71.06593996)",2018-08-15,10
138,I182065208,Violations,C11,404,0,2018-08-15 19:53:00,2018,8,Wednesday,19,DORCHESTER AVE,42.27990988,-71.06593996,"(42.27990988, -71.06593996)",2018-08-15,10
139,I182065208,Operating Under the Influence,C11,404,0,2018-08-15 19:53:00,2018,8,Wednesday,19,DORCHESTER AVE,42.27990988,-71.06593996,"(42.27990988, -71.06593996)",2018-08-15,10
140,I182065208,Drug Violation,C11,404,0,2018-08-15 19:53:00,2018,8,Wednesday,19,DORCHESTER AVE,42.27990988,-71.06593996,"(42.27990988, -71.06593996)",2018-08-15,10
141,I182065208,Recovered Stolen Property,C11,404,0,2018-08-15 19:53:00,2018,8,Wednesday,19,DORCHESTER AVE,42.27990988,-71.06593996,"(42.27990988, -71.06593996)",2018-08-15,10
142,I182065208,Violations,C11,404,0,2018-08-15 19:53:00,2018,8,Wednesday,19,DORCHESTER AVE,42.27990988,-71.06593996,"(42.27990988, -71.06593996)",2018-08-15,10
143,I182065208,Other,C11,404,0,2018-08-15 19:53:00,2018,8,Wednesday,19,DORCHESTER AVE,42.27990988,-71.06593996,"(42.27990988, -71.06593996)",2018-08-15,10
144,I182065208,Assembly or Gathering Violations,C11,404,0,2018-08-15 19:53:00,2018,8,Wednesday,19,DORCHESTER AVE,42.27990988,-71.06593996,"(42.27990988, -71.06593996)",2018-08-15,10
145,I182065208,Warrant Arrests,C11,404,0,2018-08-15 19:53:00,2018,8,Wednesday,19,DORCHESTER AVE,42.27990988,-71.06593996,"(42.27990988, -71.06593996)",2018-08-15,10
146,I182065208,Violations,C11,404,0,2018-08-15 19:53:00,2018,8,Wednesday,19,DORCHESTER AVE,42.27990988,-71.06593996,"(42.27990988, -71.06593996)",2018-08-15,10
147,I182064699,Warrant Arrests,B3,466,1,2018-08-14 09:30:00,2018,8,Tuesday,9,DEERING RD,42.28414025,-71.09305138,"(42.28414025, -71.09305138)",2018-08-14,9
148,I182064699,Warrant Arrests,B3,466,1,2018-08-14 09:30:00,2018,8,Tuesday,9,DEERING RD,42.28414025,-71.09305138,"(42.28414025, -71.09305138)",2018-08-14,9
149,I182064699,Warrant Arrests,B3,466,1,2018-08-14 09:30:00,2018,8,Tuesday,9,DEERING RD,42.28414025,-71.09305138,"(42.28414025, -71.09305138)",2018-08-14,9
150,I182064699,Homicide,B3,466,1,2018-08-14 09:30:00,2018,8,Tuesday,9,DEERING RD,42.28414025,-71.09305138,"(42.28414025, -71.09305138)",2018-08-14,9
151,I182064699,Homicide,B3,466,1,2018-08-14 09:30:00,2018,8,Tuesday,9,DEERING RD,42.28414025,-71.09305138,"(42.28414025, -71.09305138)",2018-08-14,9
152,I182064699,Homicide,B3,466,1,2018-08-14 09:30:00,2018,8,Tuesday,9,DEERING RD,42.28414025,-71.09305138,"(42.28414025, -71.09305138)",2018-08-14,9
153,I182064699,Aggravated Assault,B3,466,1,2018-08-14 09:30:00,2018,8,Tuesday,9,DEERING RD,42.28414025,-71.09305138,"(42.28414025, -71.09305138)",2018-08-14,9
154,I182064699,Aggravated Assault,B3,466,1,2018-08-14 09:30:00,2018,8,Tuesday,9,DEERING RD,42.28414025,-71.09305138,"(42.28414025, -71.09305138)",2018-08-14,9
155,I182064699,Aggravated Assault,B3,466,1,2018-08-14 09:30:00,2018,8,Tuesday,9,DEERING RD,42.28414025,-71.09305138,"(42.28414025, -71.09305138)",2018-08-14,9
156,I182058835,Drug Violation,B3,435,1,2018-07-25 22:57:00,2018,7,Wednesday,22,NORFOLK ST,42.28804798,-71.07766654,"(42.28804798, -71.07766654)",2018-07-25,10
157,I182058835,Drug Violation,B3,435,1,2018-07-25 22:57:00,2018,7,Wednesday,22,NORFOLK ST,42.28804798,-71.07766654,"(42.28804798, -71.07766654)",2018-07-25,10
158,I182058835,Homicide,B3,435,1,2018-07-25 22:57:00,2018,7,Wednesday,22,NORFOLK ST,42.28804798,-71.07766654,"(42.28804798, -71.07766654)",2018-07-25,10
159,I182058835,Homicide,B3,435,1,2018-07-25 22:57:00,2018,7,Wednesday,22,NORFOLK ST,42.28804798,-71.07766654,"(42.28804798, -71.07766654)",2018-07-25,10
160,I182058835,Ballistics,B3,435,1,2018-07-25 22:57:00,2018,7,Wednesday,22,NORFOLK ST,42.28804798,-71.07766654,"(42.28804798, -71.07766654)",2018-07-25,10
161,I182058835,Ballistics,B3,435,1,2018-07-25 22:57:00,2018,7,Wednesday,22,NORFOLK ST,42.28804798,-71.07766654,"(42.28804798, -71.07766654)",2018-07-25,10
162,I182058835,Warrant Arrests,B3,435,1,2018-07-25 22:57:00,2018,7,Wednesday,22,NORFOLK ST,42.28804798,-71.07766654,"(42.28804798, -71.07766654)",2018-07-25,10
163,I182058835,Warrant Arrests,B3,435,1,2018-07-25 22:57:00,2018,7,Wednesday,22,NORFOLK ST,42.28804798,-71.07766654,"(42.28804798, -71.07766654)",2018-07-25,10
164,I182058835,Aggravated Assault,B3,435,1,2018-07-25 22:57:00,2018,7,Wednesday,22,NORFOLK ST,42.28804798,-71.07766654,"(42.28804798, -71.07766654)",2018-07-25,10
165,I182058835,Aggravated Assault,B3,435,1,2018-07-25 22:57:00,2018,7,Wednesday,22,NORFOLK ST,42.28804798,-71.07766654,"(42.28804798, -71.07766654)",2018-07-25,10
166,I182052553,Investigate Person,B2,326,1,2018-07-04 18:40:00,2018,7,Wednesday,18,FAYSTON ST,42.31224327,-71.07549901,"(42.31224327, -71.07549901)",2018-07-04,8
167,I182052553,Investigate Person,B2,326,1,2018-07-04 18:40:00,2018,7,Wednesday,18,FAYSTON ST,42.31224327,-71.07549901,"(42.31224327, -71.07549901)",2018-07-04,8
168,I182052553,Investigate Person,B2,326,1,2018-07-04 18:40:00,2018,7,Wednesday,18,FAYSTON ST,42.31224327,-71.07549901,"(42.31224327, -71.07549901)",2018-07-04,8
169,I182052553,Investigate Person,B2,326,1,2018-07-04 18:40:00,2018,7,Wednesday,18,FAYSTON ST,42.31224327,-71.07549901,"(42.31224327, -71.07549901)",2018-07-04,8
170,I182052553,Aggravated Assault,B2,326,1,2018-07-04 18:40:00,2018,7,Wednesday,18,FAYSTON ST,42.31224327,-71.07549901,"(42.31224327, -71.07549901)",2018-07-04,8
171,I182052553,Aggravated Assault,B2,326,1,2018-07-04 18:40:00,2018,7,Wednesday,18,FAYSTON ST,42.31224327,-71.07549901,"(42.31224327, -71.07549901)",2018-07-04,8
172,I182052553,Aggravated Assault,B2,326,1,2018-07-04 18:40:00,2018,7,Wednesday,18,FAYSTON ST,42.31224327,-71.07549901,"(42.31224327, -71.07549901)",2018-07-04,8
173,I182052553,Aggravated Assault,B2,326,1,2018-07-04 18:40:00,2018,7,Wednesday,18,FAYSTON ST,42.31224327,-71.07549901,"(42.31224327, -71.07549901)",2018-07-04,8
174,I182051210,Towed,D14,759,1,2018-06-30 00:41:00,2018,6,Saturday,0,BRACKETT ST,42.351987,-71.16510001,"(42.35198700, -71.16510001)",2018-06-30,14
175,I182051210,Towed,D14,759,1,2018-06-30 00:41:00,2018,6,Saturday,0,BRACKETT ST,42.351987,-71.16510001,"(42.35198700, -71.16510001)",2018-06-30,14
176,I182051210,Homicide,D14,759,1,2018-06-30 00:41:00,2018,6,Saturday,0,BRACKETT ST,42.351987,-71.16510001,"(42.35198700, -71.16510001)",2018-06-30,14
177,I182051210,Homicide,D14,759,1,2018-06-30 00:41:00,2018,6,Saturday,0,BRACKETT ST,42.351987,-71.16510001,"(42.35198700, -71.16510001)",2018-06-30,14
178,I182051210,Firearm Violations,D14,759,1,2018-06-30 00:41:00,2018,6,Saturday,0,BRACKETT ST,42.351987,-71.16510001,"(42.35198700, -71.16510001)",2018-06-30,14
179,I182051210,Firearm Violations,D14,759,1,2018-06-30 00:41:00,2018,6,Saturday,0,BRACKETT ST,42.351987,-71.16510001,"(42.35198700, -71.16510001)",2018-06-30,14
180,I182051210,Warrant Arrests,D14,759,1,2018-06-30 00:41:00,2018,6,Saturday,0,BRACKETT ST,42.351987,-71.16510001,"(42.35198700, -71.16510001)",2018-06-30,14
181,I182051210,Warrant Arrests,D14,759,1,2018-06-30 00:41:00,2018,6,Saturday,0,BRACKETT ST,42.351987,-71.16510001,"(42.35198700, -71.16510001)",2018-06-30,14
182,I182051210,Search Warrants,D14,759,1,2018-06-30 00:41:00,2018,6,Saturday,0,BRACKETT ST,42.351987,-71.16510001,"(42.35198700, -71.16510001)",2018-06-30,14
183,I182051210,Search Warrants,D14,759,1,2018-06-30 00:41:00,2018,6,Saturday,0,BRACKETT ST,42.351987,-71.16510001,"(42.35198700, -71.16510001)",2018-06-30,14
184,I182051210,Firearm Violations,D14,759,1,2018-06-30 00:41:00,2018,6,Saturday,0,BRACKETT ST,42.351987,-71.16510001,"(42.35198700, -71.16510001)",2018-06-30,14
185,I182051210,Firearm Violations,D14,759,1,2018-06-30 00:41:00,2018,6,Saturday,0,BRACKETT ST,42.351987,-71.16510001,"(42.35198700, -71.16510001)",2018-06-30,14
186,I182051210,Medical Assistance,D14,759,1,2018-06-30 00:41:00,2018,6,Saturday,0,BRACKETT ST,42.351987,-71.16510001,"(42.35198700, -71.16510001)",2018-06-30,14
187,I182051210,Medical Assistance,D14,759,1,2018-06-30 00:41:00,2018,6,Saturday,0,BRACKETT ST,42.351987,-71.16510001,"(42.35198700, -71.16510001)",2018-06-30,14
188,I182044546,Investigate Property,B2,265,1,2018-06-09 00:08:00,2018,6,Saturday,0,COPELAND ST,42.3219484,-71.08138427,"(42.32194840, -71.08138427)",2018-06-09,12
189,I182044546,Investigate Property,B2,265,1,2018-06-09 00:08:00,2018,6,Saturday,0,COPELAND ST,42.3219484,-71.08138427,"(42.32194840, -71.08138427)",2018-06-09,12
190,I182044546,Investigate Property,B2,265,1,2018-06-09 00:08:00,2018,6,Saturday,0,COPELAND ST,42.3219484,-71.08138427,"(42.32194840, -71.08138427)",2018-06-09,12
191,I182044546,Investigate Property,B2,265,1,2018-06-09 00:08:00,2018,6,Saturday,0,COPELAND ST,42.3219484,-71.08138427,"(42.32194840, -71.08138427)",2018-06-09,12
192,I182044546,Aggravated Assault,B2,265,1,2018-06-09 00:08:00,2018,6,Saturday,0,COPELAND ST,42.3219484,-71.08138427,"(42.32194840, -71.08138427)",2018-06-09,12
193,I182044546,Aggravated Assault,B2,265,1,2018-06-09 00:08:00,2018,6,Saturday,0,COPELAND ST,42.3219484,-71.08138427,"(42.32194840, -71.08138427)",2018-06-09,12
194,I182044546,Aggravated Assault,B2,265,1,2018-06-09 00:08:00,2018,6,Saturday,0,COPELAND ST,42.3219484,-71.08138427,"(42.32194840, -71.08138427)",2018-06-09,12
195,I182044546,Aggravated Assault,B2,265,1,2018-06-09 00:08:00,2018,6,Saturday,0,COPELAND ST,42.3219484,-71.08138427,"(42.32194840, -71.08138427)",2018-06-09,12
196,I182044546,Aggravated Assault,B2,265,1,2018-06-09 00:08:00,2018,6,Saturday,0,COPELAND ST,42.3219484,-71.08138427,"(42.32194840, -71.08138427)",2018-06-09,12
197,I182044546,Aggravated Assault,B2,265,1,2018-06-09 00:08:00,2018,6,Saturday,0,COPELAND ST,42.3219484,-71.08138427,"(42.32194840, -71.08138427)",2018-06-09,12
198,I182044546,Aggravated Assault,B2,265,1,2018-06-09 00:08:00,2018,6,Saturday,0,COPELAND ST,42.3219484,-71.08138427,"(42.32194840, -71.08138427)",2018-06-09,12
199,I182044546,Aggravated Assault,B2,265,1,2018-06-09 00:08:00,2018,6,Saturday,0,COPELAND ST,42.3219484,-71.08138427,"(42.32194840, -71.08138427)",2018-06-09,12
200,I182037657,Aggravated Assault,C11,338,1,2018-05-17 21:24:00,2018,5,Thursday,21,WINTER ST,42.30910324,-71.06259482,"(42.30910324, -71.06259482)",2018-05-17,10
201,I182037657,Aggravated Assault,C11,338,1,2018-05-17 21:24:00,2018,5,Thursday,21,WINTER ST,42.30910324,-71.06259482,"(42.30910324, -71.06259482)",2018-05-17,10
202,I182037657,Firearm Violations,C11,338,1,2018-05-17 21:24:00,2018,5,Thursday,21,WINTER ST,42.30910324,-71.06259482,"(42.30910324, -71.06259482)",2018-05-17,10
203,I182037657,Firearm Violations,C11,338,1,2018-05-17 21:24:00,2018,5,Thursday,21,WINTER ST,42.30910324,-71.06259482,"(42.30910324, -71.06259482)",2018-05-17,10
204,I182037657,Vandalism,C11,338,1,2018-05-17 21:24:00,2018,5,Thursday,21,WINTER ST,42.30910324,-71.06259482,"(42.30910324, -71.06259482)",2018-05-17,10
205,I182037657,Vandalism,C11,338,1,2018-05-17 21:24:00,2018,5,Thursday,21,WINTER ST,42.30910324,-71.06259482,"(42.30910324, -71.06259482)",2018-05-17,10
206,I182037657,Firearm Violations,C11,338,1,2018-05-17 21:24:00,2018,5,Thursday,21,WINTER ST,42.30910324,-71.06259482,"(42.30910324, -71.06259482)",2018-05-17,10
207,I182037657,Firearm Violations,C11,338,1,2018-05-17 21:24:00,2018,5,Thursday,21,WINTER ST,42.30910324,-71.06259482,"(42.30910324, -71.06259482)",2018-05-17,10
208,I182037657,Aggravated Assault,C11,338,1,2018-05-17 21:24:00,2018,5,Thursday,21,WINTER ST,42.30910324,-71.06259482,"(42.30910324, -71.06259482)",2018-05-17,10
209,I182037657,Aggravated Assault,C11,338,1,2018-05-17 21:24:00,2018,5,Thursday,21,WINTER ST,42.30910324,-71.06259482,"(42.30910324, -71.06259482)",2018-05-17,10
210,I172105110,Aggravated Assault,E13,577,1,2017-12-20 16:57:00,2017,12,Wednesday,16,WASHINGTON ST,42.31538436,-71.09870021,"(42.31538436, -71.09870021)",2017-12-20,10
211,I172105110,Aggravated Assault,E13,577,1,2017-12-20 16:57:00,2017,12,Wednesday,16,WASHINGTON ST,42.31538436,-71.09870021,"(42.31538436, -71.09870021)",2017-12-20,10
212,I172105110,Firearm Violations,E13,577,1,2017-12-20 16:57:00,2017,12,Wednesday,16,WASHINGTON ST,42.31538436,-71.09870021,"(42.31538436, -71.09870021)",2017-12-20,10
213,I172105110,Firearm Violations,E13,577,1,2017-12-20 16:57:00,2017,12,Wednesday,16,WASHINGTON ST,42.31538436,-71.09870021,"(42.31538436, -71.09870021)",2017-12-20,10
214,I172105110,Other,E13,577,1,2017-12-20 16:57:00,2017,12,Wednesday,16,WASHINGTON ST,42.31538436,-71.09870021,"(42.31538436, -71.09870021)",2017-12-20,10
215,I172105110,Other,E13,577,1,2017-12-20 16:57:00,2017,12,Wednesday,16,WASHINGTON ST,42.31538436,-71.09870021,"(42.31538436, -71.09870021)",2017-12-20,10
216,I172105110,Search Warrants,E13,577,1,2017-12-20 16:57:00,2017,12,Wednesday,16,WASHINGTON ST,42.31538436,-71.09870021,"(42.31538436, -71.09870021)",2017-12-20,10
217,I172105110,Search Warrants,E13,577,1,2017-12-20 16:57:00,2017,12,Wednesday,16,WASHINGTON ST,42.31538436,-71.09870021,"(42.31538436, -71.09870021)",2017-12-20,10
218,I172105110,Warrant Arrests,E13,577,1,2017-12-20 16:57:00,2017,12,Wednesday,16,WASHINGTON ST,42.31538436,-71.09870021,"(42.31538436, -71.09870021)",2017-12-20,10
219,I172105110,Warrant Arrests,E13,577,1,2017-12-20 16:57:00,2017,12,Wednesday,16,WASHINGTON ST,42.31538436,-71.09870021,"(42.31538436, -71.09870021)",2017-12-20,10
220,I172102399,Homicide,A7,35,1,2017-12-10 16:41:00,2017,12,Sunday,16,MARGINAL ST,42.36671964,-71.03908712,"(42.36671964, -71.03908712)",2017-12-10,8
221,I172102399,Homicide,A7,35,1,2017-12-10 16:41:00,2017,12,Sunday,16,MARGINAL ST,42.36671964,-71.03908712,"(42.36671964, -71.03908712)",2017-12-10,8
222,I172102399,Homicide,A7,35,1,2017-12-10 16:41:00,2017,12,Sunday,16,MARGINAL ST,42.36671964,-71.03908712,"(42.36671964, -71.03908712)",2017-12-10,8
223,I172102399,Homicide,A7,35,1,2017-12-10 16:41:00,2017,12,Sunday,16,MARGINAL ST,42.36671964,-71.03908712,"(42.36671964, -71.03908712)",2017-12-10,8
224,I172102399,Robbery,A7,35,1,2017-12-10 16:41:00,2017,12,Sunday,16,MARGINAL ST,42.36671964,-71.03908712,"(42.36671964, -71.03908712)",2017-12-10,8
225,I172102399,Robbery,A7,35,1,2017-12-10 16:41:00,2017,12,Sunday,16,MARGINAL ST,42.36671964,-71.03908712,"(42.36671964, -71.03908712)",2017-12-10,8
226,I172102399,Medical Assistance,A7,35,1,2017-12-10 16:41:00,2017,12,Sunday,16,MARGINAL ST,42.36671964,-71.03908712,"(42.36671964, -71.03908712)",2017-12-10,8
227,I172102399,Medical Assistance,A7,35,1,2017-12-10 16:41:00,2017,12,Sunday,16,MARGINAL ST,42.36671964,-71.03908712,"(42.36671964, -71.03908712)",2017-12-10,8
228,I172096394,Larceny,B3,476,0,2017-11-18 19:57:00,2017,11,Saturday,19,BLUE HILL AVE,42.27065695,-71.09377841,"(42.27065695, -71.09377841)",2017-11-18,10
229,I172096394,Robbery,B3,476,0,2017-11-18 19:57:00,2017,11,Saturday,19,BLUE HILL AVE,42.27065695,-71.09377841,"(42.27065695, -71.09377841)",2017-11-18,10
230,I172096394,Other,B3,476,0,2017-11-18 19:57:00,2017,11,Saturday,19,BLUE HILL AVE,42.27065695,-71.09377841,"(42.27065695, -71.09377841)",2017-11-18,10
231,I172096394,Larceny,B3,476,0,2017-11-18 19:57:00,2017,11,Saturday,19,BLUE HILL AVE,42.27065695,-71.09377841,"(42.27065695, -71.09377841)",2017-11-18,10
232,I172096394,Robbery,B3,476,0,2017-11-18 19:57:00,2017,11,Saturday,19,BLUE HILL AVE,42.27065695,-71.09377841,"(42.27065695, -71.09377841)",2017-11-18,10
233,I172096394,Other,B3,476,0,2017-11-18 19:57:00,2017,11,Saturday,19,BLUE HILL AVE,42.27065695,-71.09377841,"(42.27065695, -71.09377841)",2017-11-18,10
234,I172096394,Residential Burglary,B3,476,0,2017-11-18 19:57:00,2017,11,Saturday,19,BLUE HILL AVE,42.27065695,-71.09377841,"(42.27065695, -71.09377841)",2017-11-18,10
235,I172096394,Robbery,B3,476,0,2017-11-18 19:57:00,2017,11,Saturday,19,BLUE HILL AVE,42.27065695,-71.09377841,"(42.27065695, -71.09377841)",2017-11-18,10
236,I172096394,Simple Assault,B3,476,0,2017-11-18 19:57:00,2017,11,Saturday,19,BLUE HILL AVE,42.27065695,-71.09377841,"(42.27065695, -71.09377841)",2017-11-18,10
237,I172096394,Commercial Burglary,B3,476,0,2017-11-18 19:57:00,2017,11,Saturday,19,BLUE HILL AVE,42.27065695,-71.09377841,"(42.27065695, -71.09377841)",2017-11-18,10
238,I172090013,Towed,B3,418,1,2017-10-28 01:03:00,2017,10,Saturday,1,CAPEN ST,42.28115946,-71.07911125,"(42.28115946, -71.07911125)",2017-10-28,9
239,I172090013,Towed,B3,418,1,2017-10-28 01:03:00,2017,10,Saturday,1,CAPEN ST,42.28115946,-71.07911125,"(42.28115946, -71.07911125)",2017-10-28,9
240,I172090013,Towed,B3,418,1,2017-10-28 01:03:00,2017,10,Saturday,1,CAPEN ST,42.28115946,-71.07911125,"(42.28115946, -71.07911125)",2017-10-28,9
241,I172090013,Aggravated Assault,B3,418,1,2017-10-28 01:03:00,2017,10,Saturday,1,CAPEN ST,42.28115946,-71.07911125,"(42.28115946, -71.07911125)",2017-10-28,9
242,I172090013,Aggravated Assault,B3,418,1,2017-10-28 01:03:00,2017,10,Saturday,1,CAPEN ST,42.28115946,-71.07911125,"(42.28115946, -71.07911125)",2017-10-28,9
243,I172090013,Aggravated Assault,B3,418,1,2017-10-28 01:03:00,2017,10,Saturday,1,CAPEN ST,42.28115946,-71.07911125,"(42.28115946, -71.07911125)",2017-10-28,9
244,I172090013,Aggravated Assault,B3,418,1,2017-10-28 01:03:00,2017,10,Saturday,1,CAPEN ST,42.28115946,-71.07911125,"(42.28115946, -71.07911125)",2017-10-28,9
245,I172090013,Aggravated Assault,B3,418,1,2017-10-28 01:03:00,2017,10,Saturday,1,CAPEN ST,42.28115946,-71.07911125,"(42.28115946, -71.07911125)",2017-10-28,9
246,I172090013,Aggravated Assault,B3,418,1,2017-10-28 01:03:00,2017,10,Saturday,1,CAPEN ST,42.28115946,-71.07911125,"(42.28115946, -71.07911125)",2017-10-28,9
247,I172069723,Drug Violation,B2,178,0,2017-08-23 14:30:00,2017,8,Wednesday,14,MASSACHUSETTS AVE,42.33152148,-71.07085307,"(42.33152148, -71.07085307)",2017-08-23,8
248,I172069723,Drug Violation,B2,178,0,2017-08-23 14:30:00,2017,8,Wednesday,14,MASSACHUSETTS AVE,42.33152148,-71.07085307,"(42.33152148, -71.07085307)",2017-08-23,8
249,I172069723,Drug Violation,B2,178,0,2017-08-23 14:30:00,2017,8,Wednesday,14,MASSACHUSETTS AVE,42.33152148,-71.07085307,"(42.33152148, -71.07085307)",2017-08-23,8
250,I172069723,Drug Violation,B2,178,0,2017-08-23 14:30:00,2017,8,Wednesday,14,MASSACHUSETTS AVE,42.33152148,-71.07085307,"(42.33152148, -71.07085307)",2017-08-23,8
251,I172069723,Drug Violation,B2,178,0,2017-08-23 14:30:00,2017,8,Wednesday,14,MASSACHUSETTS AVE,42.33152148,-71.07085307,"(42.33152148, -71.07085307)",2017-08-23,8
252,I172069723,Drug Violation,B2,178,0,2017-08-23 14:30:00,2017,8,Wednesday,14,MASSACHUSETTS AVE,42.33152148,-71.07085307,"(42.33152148, -71.07085307)",2017-08-23,8
253,I172069723,Warrant Arrests,B2,178,0,2017-08-23 14:30:00,2017,8,Wednesday,14,MASSACHUSETTS AVE,42.33152148,-71.07085307,"(42.33152148, -71.07085307)",2017-08-23,8
254,I172069723,Police Service Incidents,B2,178,0,2017-08-23 14:30:00,2017,8,Wednesday,14,MASSACHUSETTS AVE,42.33152148,-71.07085307,"(42.33152148, -71.07085307)",2017-08-23,8
255,I172056883,Property Found,E18,492,0,2017-07-14 08:49:00,2017,7,Friday,8,CHAPEL RD,42.26713531,-71.11236876,"(42.26713531, -71.11236876)",2017-07-14,9
256,I172056883,Operating Under the Influence,E18,492,0,2017-07-14 08:49:00,2017,7,Friday,8,CHAPEL RD,42.26713531,-71.11236876,"(42.26713531, -71.11236876)",2017-07-14,9
257,I172056883,Motor Vehicle Accident Response,E18,492,0,2017-07-14 08:49:00,2017,7,Friday,8,CHAPEL RD,42.26713531,-71.11236876,"(42.26713531, -71.11236876)",2017-07-14,9
258,I172056883,Recovered Stolen Property,E18,492,0,2017-07-14 08:49:00,2017,7,Friday,8,CHAPEL RD,42.26713531,-71.11236876,"(42.26713531, -71.11236876)",2017-07-14,9
259,I172056883,Aggravated Assault,E18,492,0,2017-07-14 08:49:00,2017,7,Friday,8,CHAPEL RD,42.26713531,-71.11236876,"(42.26713531, -71.11236876)",2017-07-14,9
260,I172056883,Auto Theft Recovery,E18,492,0,2017-07-14 08:49:00,2017,7,Friday,8,CHAPEL RD,42.26713531,-71.11236876,"(42.26713531, -71.11236876)",2017-07-14,9
261,I172056883,Violations,E18,492,0,2017-07-14 08:49:00,2017,7,Friday,8,CHAPEL RD,42.26713531,-71.11236876,"(42.26713531, -71.11236876)",2017-07-14,9
262,I172056883,Simple Assault,E18,492,0,2017-07-14 08:49:00,2017,7,Friday,8,CHAPEL RD,42.26713531,-71.11236876,"(42.26713531, -71.11236876)",2017-07-14,9
263,I172056883,Violations,E18,492,0,2017-07-14 08:49:00,2017,7,Friday,8,CHAPEL RD,42.26713531,-71.11236876,"(42.26713531, -71.11236876)",2017-07-14,9
264,I172054429,Aggravated Assault,E18,545,0,2017-07-06 03:00:00,2017,7,Thursday,3,BEAVER ST,42.25615863,-71.13075198,"(42.25615863, -71.13075198)",2017-07-06,9
265,I172054429,HOME INVASION,E18,545,0,2017-07-06 03:00:00,2017,7,Thursday,3,BEAVER ST,42.25615863,-71.13075198,"(42.25615863, -71.13075198)",2017-07-06,9
266,I172054429,Other,E18,545,0,2017-07-06 03:00:00,2017,7,Thursday,3,BEAVER ST,42.25615863,-71.13075198,"(42.25615863, -71.13075198)",2017-07-06,9
267,I172054429,Other,E18,545,0,2017-07-06 03:00:00,2017,7,Thursday,3,BEAVER ST,42.25615863,-71.13075198,"(42.25615863, -71.13075198)",2017-07-06,9
268,I172054429,Robbery,E18,545,0,2017-07-06 03:00:00,2017,7,Thursday,3,BEAVER ST,42.25615863,-71.13075198,"(42.25615863, -71.13075198)",2017-07-06,9
269,I172054429,Towed,E18,545,0,2017-07-06 03:00:00,2017,7,Thursday,3,BEAVER ST,42.25615863,-71.13075198,"(42.25615863, -71.13075198)",2017-07-06,9
270,I172054429,Auto Theft,E18,545,0,2017-07-06 03:00:00,2017,7,Thursday,3,BEAVER ST,42.25615863,-71.13075198,"(42.25615863, -71.13075198)",2017-07-06,9
271,I172054429,Aggravated Assault,E18,545,0,2017-07-06 03:00:00,2017,7,Thursday,3,BEAVER ST,42.25615863,-71.13075198,"(42.25615863, -71.13075198)",2017-07-06,9
272,I172054429,Warrant Arrests,E18,545,0,2017-07-06 03:00:00,2017,7,Thursday,3,BEAVER ST,42.25615863,-71.13075198,"(42.25615863, -71.13075198)",2017-07-06,9
273,I172053750,Firearm Violations,D4,284,1,2017-12-20 02:15:00,2017,12,Wednesday,2,COLUMBUS AVE,42.34060371,-71.08174185,"(42.34060371, -71.08174185)",2017-12-20,18
274,I172053750,Firearm Violations,D4,284,1,2017-12-20 02:15:00,2017,12,Wednesday,2,COLUMBUS AVE,42.34060371,-71.08174185,"(42.34060371, -71.08174185)",2017-12-20,18
275,I172053750,Firearm Violations,D4,284,1,2017-12-20 02:15:00,2017,12,Wednesday,2,COLUMBUS AVE,42.34060371,-71.08174185,"(42.34060371, -71.08174185)",2017-12-20,18
276,I172053750,Warrant Arrests,D4,284,1,2017-12-20 02:15:00,2017,12,Wednesday,2,COLUMBUS AVE,42.34060371,-71.08174185,"(42.34060371, -71.08174185)",2017-12-20,18
277,I172053750,Warrant Arrests,D4,284,1,2017-12-20 02:15:00,2017,12,Wednesday,2,COLUMBUS AVE,42.34060371,-71.08174185,"(42.34060371, -71.08174185)",2017-12-20,18
278,I172053750,Warrant Arrests,D4,284,1,2017-12-20 02:15:00,2017,12,Wednesday,2,COLUMBUS AVE,42.34060371,-71.08174185,"(42.34060371, -71.08174185)",2017-12-20,18
279,I172053750,Firearm Violations,D4,284,1,2017-12-20 02:15:00,2017,12,Wednesday,2,COLUMBUS AVE,42.34060371,-71.08174185,"(42.34060371, -71.08174185)",2017-12-20,18
280,I172053750,Firearm Violations,D4,284,1,2017-12-20 02:15:00,2017,12,Wednesday,2,COLUMBUS AVE,42.34060371,-71.08174185,"(42.34060371, -71.08174185)",2017-12-20,18
281,I172053750,Firearm Violations,D4,284,1,2017-12-20 02:15:00,2017,12,Wednesday,2,COLUMBUS AVE,42.34060371,-71.08174185,"(42.34060371, -71.08174185)",2017-12-20,18
282,I172053750,Aggravated Assault,D4,284,1,2017-12-20 02:15:00,2017,12,Wednesday,2,COLUMBUS AVE,42.34060371,-71.08174185,"(42.34060371, -71.08174185)",2017-12-20,18
283,I172053750,Aggravated Assault,D4,284,1,2017-12-20 02:15:00,2017,12,Wednesday,2,COLUMBUS AVE,42.34060371,-71.08174185,"(42.34060371, -71.08174185)",2017-12-20,18
284,I172053750,Aggravated Assault,D4,284,1,2017-12-20 02:15:00,2017,12,Wednesday,2,COLUMBUS AVE,42.34060371,-71.08174185,"(42.34060371, -71.08174185)",2017-12-20,18
285,I172053750,Aggravated Assault,D4,284,1,2017-12-20 02:15:00,2017,12,Wednesday,2,COLUMBUS AVE,42.34060371,-71.08174185,"(42.34060371, -71.08174185)",2017-12-20,18
286,I172053750,Aggravated Assault,D4,284,1,2017-12-20 02:15:00,2017,12,Wednesday,2,COLUMBUS AVE,42.34060371,-71.08174185,"(42.34060371, -71.08174185)",2017-12-20,18
287,I172053750,Aggravated Assault,D4,284,1,2017-12-20 02:15:00,2017,12,Wednesday,2,COLUMBUS AVE,42.34060371,-71.08174185,"(42.34060371, -71.08174185)",2017-12-20,18
288,I172053750,Drug Violation,D4,284,1,2017-12-20 02:15:00,2017,12,Wednesday,2,COLUMBUS AVE,42.34060371,-71.08174185,"(42.34060371, -71.08174185)",2017-12-20,18
289,I172053750,Drug Violation,D4,284,1,2017-12-20 02:15:00,2017,12,Wednesday,2,COLUMBUS AVE,42.34060371,-71.08174185,"(42.34060371, -71.08174185)",2017-12-20,18
290,I172053750,Drug Violation,D4,284,1,2017-12-20 02:15:00,2017,12,Wednesday,2,COLUMBUS AVE,42.34060371,-71.08174185,"(42.34060371, -71.08174185)",2017-12-20,18
291,I172053616,Other,E18,527,0,2017-07-03 15:51:00,2017,7,Monday,15,HAMILTON ST,42.23604809,-71.131313,"(42.23604809, -71.13131300)",2017-07-03,8
292,I172053616,Drug Violation,E18,527,0,2017-07-03 15:51:00,2017,7,Monday,15,HAMILTON ST,42.23604809,-71.131313,"(42.23604809, -71.13131300)",2017-07-03,8
293,I172053616,Other,E18,527,0,2017-07-03 15:51:00,2017,7,Monday,15,HAMILTON ST,42.23604809,-71.131313,"(42.23604809, -71.13131300)",2017-07-03,8
294,I172053616,Drug Violation,E18,527,0,2017-07-03 15:51:00,2017,7,Monday,15,HAMILTON ST,42.23604809,-71.131313,"(42.23604809, -71.13131300)",2017-07-03,8
295,I172053616,Warrant Arrests,E18,527,0,2017-07-03 15:51:00,2017,7,Monday,15,HAMILTON ST,42.23604809,-71.131313,"(42.23604809, -71.13131300)",2017-07-03,8
296,I172053616,Aggravated Assault,E18,527,0,2017-07-03 15:51:00,2017,7,Monday,15,HAMILTON ST,42.23604809,-71.131313,"(42.23604809, -71.13131300)",2017-07-03,8
297,I172053616,Violations,E18,527,0,2017-07-03 15:51:00,2017,7,Monday,15,HAMILTON ST,42.23604809,-71.131313,"(42.23604809, -71.13131300)",2017-07-03,8
298,I172053616,Drug Violation,E18,527,0,2017-07-03 15:51:00,2017,7,Monday,15,HAMILTON ST,42.23604809,-71.131313,"(42.23604809, -71.13131300)",2017-07-03,8
299,I172037641,Aggravated Assault,C11,257,1,2017-05-13 13:40:00,2017,5,Saturday,13,SCHROEDER PLZ,42.33367922,-71.09187755,"(42.33367922, -71.09187755)",2017-05-13,8
300,I172037641,Aggravated Assault,C11,257,1,2017-05-13 13:40:00,2017,5,Saturday,13,SCHROEDER PLZ,42.33367922,-71.09187755,"(42.33367922, -71.09187755)",2017-05-13,8
301,I172037641,Search Warrants,C11,257,1,2017-05-13 13:40:00,2017,5,Saturday,13,SCHROEDER PLZ,42.33367922,-71.09187755,"(42.33367922, -71.09187755)",2017-05-13,8
302,I172037641,Search Warrants,C11,257,1,2017-05-13 13:40:00,2017,5,Saturday,13,SCHROEDER PLZ,42.33367922,-71.09187755,"(42.33367922, -71.09187755)",2017-05-13,8
303,I172037641,Drug Violation,C11,257,1,2017-05-13 13:40:00,2017,5,Saturday,13,SCHROEDER PLZ,42.33367922,-71.09187755,"(42.33367922, -71.09187755)",2017-05-13,8
304,I172037641,Drug Violation,C11,257,1,2017-05-13 13:40:00,2017,5,Saturday,13,SCHROEDER PLZ,42.33367922,-71.09187755,"(42.33367922, -71.09187755)",2017-05-13,8
305,I172037641,Firearm Violations,C11,257,1,2017-05-13 13:40:00,2017,5,Saturday,13,SCHROEDER PLZ,42.33367922,-71.09187755,"(42.33367922, -71.09187755)",2017-05-13,8
306,I172037641,Firearm Violations,C11,257,1,2017-05-13 13:40:00,2017,5,Saturday,13,SCHROEDER PLZ,42.33367922,-71.09187755,"(42.33367922, -71.09187755)",2017-05-13,8
307,I172013170,Recovered Stolen Property,C11,395,0,2017-02-17 17:45:00,2017,2,Friday,17,HARRISON AVE,42.33511904,-71.0749171,"(42.33511904, -71.07491710)",2017-02-17,10
308,I172013170,Other,C11,395,0,2017-02-17 17:45:00,2017,2,Friday,17,HARRISON AVE,42.33511904,-71.0749171,"(42.33511904, -71.07491710)",2017-02-17,10
309,I172013170,Prisoner Related Incidents,C11,395,0,2017-02-17 17:45:00,2017,2,Friday,17,HARRISON AVE,42.33511904,-71.0749171,"(42.33511904, -71.07491710)",2017-02-17,10
310,I172013170,Warrant Arrests,C11,395,0,2017-02-17 17:45:00,2017,2,Friday,17,HARRISON AVE,42.33511904,-71.0749171,"(42.33511904, -71.07491710)",2017-02-17,10
311,I172013170,Drug Violation,C11,395,0,2017-02-17 17:45:00,2017,2,Friday,17,HARRISON AVE,42.33511904,-71.0749171,"(42.33511904, -71.07491710)",2017-02-17,10
312,I172013170,Aggravated Assault,C11,395,0,2017-02-17 17:45:00,2017,2,Friday,17,HARRISON AVE,42.33511904,-71.0749171,"(42.33511904, -71.07491710)",2017-02-17,10
313,I172013170,Simple Assault,C11,395,0,2017-02-17 17:45:00,2017,2,Friday,17,HARRISON AVE,42.33511904,-71.0749171,"(42.33511904, -71.07491710)",2017-02-17,10
314,I172013170,Firearm Violations,C11,395,0,2017-02-17 17:45:00,2017,2,Friday,17,HARRISON AVE,42.33511904,-71.0749171,"(42.33511904, -71.07491710)",2017-02-17,10
315,I172013170,Drug Violation,C11,395,0,2017-02-17 17:45:00,2017,2,Friday,17,HARRISON AVE,42.33511904,-71.0749171,"(42.33511904, -71.07491710)",2017-02-17,10
316,I172013170,Drug Violation,C11,395,0,2017-02-17 17:45:00,2017,2,Friday,17,HARRISON AVE,42.33511904,-71.0749171,"(42.33511904, -71.07491710)",2017-02-17,10
317,I162101004,Warrant Arrests,B2,605,1,2016-12-11 16:13:00,2016,12,Sunday,16,SUNSET ST,42.33110131,-71.10870352,"(42.33110131, -71.10870352)",2016-12-11,10
318,I162101004,Warrant Arrests,B2,605,1,2016-12-11 16:13:00,2016,12,Sunday,16,SUNSET ST,42.33110131,-71.10870352,"(42.33110131, -71.10870352)",2016-12-11,10
319,I162101004,Aggravated Assault,B2,605,1,2016-12-11 16:13:00,2016,12,Sunday,16,SUNSET ST,42.33110131,-71.10870352,"(42.33110131, -71.10870352)",2016-12-11,10
320,I162101004,Aggravated Assault,B2,605,1,2016-12-11 16:13:00,2016,12,Sunday,16,SUNSET ST,42.33110131,-71.10870352,"(42.33110131, -71.10870352)",2016-12-11,10
321,I162101004,Firearm Violations,B2,605,1,2016-12-11 16:13:00,2016,12,Sunday,16,SUNSET ST,42.33110131,-71.10870352,"(42.33110131, -71.10870352)",2016-12-11,10
322,I162101004,Firearm Violations,B2,605,1,2016-12-11 16:13:00,2016,12,Sunday,16,SUNSET ST,42.33110131,-71.10870352,"(42.33110131, -71.10870352)",2016-12-11,10
323,I162101004,HOME INVASION,B2,605,1,2016-12-11 16:13:00,2016,12,Sunday,16,SUNSET ST,42.33110131,-71.10870352,"(42.33110131, -71.10870352)",2016-12-11,10
324,I162101004,HOME INVASION,B2,605,1,2016-12-11 16:13:00,2016,12,Sunday,16,SUNSET ST,42.33110131,-71.10870352,"(42.33110131, -71.10870352)",2016-12-11,10
325,I162101004,Drug Violation,B2,605,1,2016-12-11 16:13:00,2016,12,Sunday,16,SUNSET ST,42.33110131,-71.10870352,"(42.33110131, -71.10870352)",2016-12-11,10
326,I162101004,Drug Violation,B2,605,1,2016-12-11 16:13:00,2016,12,Sunday,16,SUNSET ST,42.33110131,-71.10870352,"(42.33110131, -71.10870352)",2016-12-11,10
327,I162098170,Motor Vehicle Accident Response,C6,216,0,2016-12-02 01:30:00,2016,12,Friday,1,DORCHESTER ST,42.33265906,-71.05141632,"(42.33265906, -71.05141632)",2016-12-02,9
328,I162098170,Violations,C6,216,0,2016-12-02 01:30:00,2016,12,Friday,1,DORCHESTER ST,42.33265906,-71.05141632,"(42.33265906, -71.05141632)",2016-12-02,9
329,I162098170,Firearm Discovery,C6,216,0,2016-12-02 01:30:00,2016,12,Friday,1,DORCHESTER ST,42.33265906,-71.05141632,"(42.33265906, -71.05141632)",2016-12-02,9
330,I162098170,Disorderly Conduct,C6,216,0,2016-12-02 01:30:00,2016,12,Friday,1,DORCHESTER ST,42.33265906,-71.05141632,"(42.33265906, -71.05141632)",2016-12-02,9
331,I162098170,Warrant Arrests,C6,216,0,2016-12-02 01:30:00,2016,12,Friday,1,DORCHESTER ST,42.33265906,-71.05141632,"(42.33265906, -71.05141632)",2016-12-02,9
332,I162098170,Vandalism,C6,216,0,2016-12-02 01:30:00,2016,12,Friday,1,DORCHESTER ST,42.33265906,-71.05141632,"(42.33265906, -71.05141632)",2016-12-02,9
333,I162098170,Aggravated Assault,C6,216,0,2016-12-02 01:30:00,2016,12,Friday,1,DORCHESTER ST,42.33265906,-71.05141632,"(42.33265906, -71.05141632)",2016-12-02,9
334,I162098170,Auto Theft,C6,216,0,2016-12-02 01:30:00,2016,12,Friday,1,DORCHESTER ST,42.33265906,-71.05141632,"(42.33265906, -71.05141632)",2016-12-02,9
335,I162098170,Other,C6,216,0,2016-12-02 01:30:00,2016,12,Friday,1,DORCHESTER ST,42.33265906,-71.05141632,"(42.33265906, -71.05141632)",2016-12-02,9
336,I162087224,Drug Violation,A1,117,0,2016-10-24 17:32:00,2016,10,Monday,17,BEACH ST,42.35152813,-71.06248241,"(42.35152813, -71.06248241)",2016-10-24,8
337,I162087224,Violations,A1,117,0,2016-10-24 17:32:00,2016,10,Monday,17,BEACH ST,42.35152813,-71.06248241,"(42.35152813, -71.06248241)",2016-10-24,8
338,I162087224,Drug Violation,A1,117,0,2016-10-24 17:32:00,2016,10,Monday,17,BEACH ST,42.35152813,-71.06248241,"(42.35152813, -71.06248241)",2016-10-24,8
339,I162087224,Drug Violation,A1,117,0,2016-10-24 17:32:00,2016,10,Monday,17,BEACH ST,42.35152813,-71.06248241,"(42.35152813, -71.06248241)",2016-10-24,8
340,I162087224,Simple Assault,A1,117,0,2016-10-24 17:32:00,2016,10,Monday,17,BEACH ST,42.35152813,-71.06248241,"(42.35152813, -71.06248241)",2016-10-24,8
341,I162087224,Drug Violation,A1,117,0,2016-10-24 17:32:00,2016,10,Monday,17,BEACH ST,42.35152813,-71.06248241,"(42.35152813, -71.06248241)",2016-10-24,8
342,I162087224,Disorderly Conduct,A1,117,0,2016-10-24 17:32:00,2016,10,Monday,17,BEACH ST,42.35152813,-71.06248241,"(42.35152813, -71.06248241)",2016-10-24,8
343,I162087224,Drug Violation,A1,117,0,2016-10-24 17:32:00,2016,10,Monday,17,BEACH ST,42.35152813,-71.06248241,"(42.35152813, -71.06248241)",2016-10-24,8
344,I162082917,Drug Violation,D4,156,0,2016-10-10 00:55:00,2016,10,Monday,0,MASSACHUSETTS AVE,42.33760719,-71.07825820000001,"(42.33760719, -71.07825820)",2016-10-10,8
345,I162082917,Firearm Violations,D4,156,0,2016-10-10 00:55:00,2016,10,Monday,0,MASSACHUSETTS AVE,42.33760719,-71.07825820000001,"(42.33760719, -71.07825820)",2016-10-10,8
346,I162082917,Drug Violation,D4,156,0,2016-10-10 00:55:00,2016,10,Monday,0,MASSACHUSETTS AVE,42.33760719,-71.07825820000001,"(42.33760719, -71.07825820)",2016-10-10,8
347,I162082917,Violations,D4,156,0,2016-10-10 00:55:00,2016,10,Monday,0,MASSACHUSETTS AVE,42.33760719,-71.07825820000001,"(42.33760719, -71.07825820)",2016-10-10,8
348,I162082917,Firearm Violations,D4,156,0,2016-10-10 00:55:00,2016,10,Monday,0,MASSACHUSETTS AVE,42.33760719,-71.07825820000001,"(42.33760719, -71.07825820)",2016-10-10,8
349,I162082917,Drug Violation,D4,156,0,2016-10-10 00:55:00,2016,10,Monday,0,MASSACHUSETTS AVE,42.33760719,-71.07825820000001,"(42.33760719, -71.07825820)",2016-10-10,8
350,I162082917,Firearm Violations,D4,156,0,2016-10-10 00:55:00,2016,10,Monday,0,MASSACHUSETTS AVE,42.33760719,-71.07825820000001,"(42.33760719, -71.07825820)",2016-10-10,8
351,I162082917,Drug Violation,D4,156,0,2016-10-10 00:55:00,2016,10,Monday,0,MASSACHUSETTS AVE,42.33760719,-71.07825820000001,"(42.33760719, -71.07825820)",2016-10-10,8
352,I162078338,Other,B2,264,0,2016-09-24 14:55:00,2016,9,Saturday,14,GAYLAND ST,42.31989006,-71.07626209,"(42.31989006, -71.07626209)",2016-09-24,8
353,I162078338,Auto Theft,B2,264,0,2016-09-24 14:55:00,2016,9,Saturday,14,GAYLAND ST,42.31989006,-71.07626209,"(42.31989006, -71.07626209)",2016-09-24,8
354,I162078338,Other,B2,264,0,2016-09-24 14:55:00,2016,9,Saturday,14,GAYLAND ST,42.31989006,-71.07626209,"(42.31989006, -71.07626209)",2016-09-24,8
355,I162078338,Recovered Stolen Property,B2,264,0,2016-09-24 14:55:00,2016,9,Saturday,14,GAYLAND ST,42.31989006,-71.07626209,"(42.31989006, -71.07626209)",2016-09-24,8
356,I162078338,Auto Theft,B2,264,0,2016-09-24 14:55:00,2016,9,Saturday,14,GAYLAND ST,42.31989006,-71.07626209,"(42.31989006, -71.07626209)",2016-09-24,8
357,I162078338,Violations,B2,264,0,2016-09-24 14:55:00,2016,9,Saturday,14,GAYLAND ST,42.31989006,-71.07626209,"(42.31989006, -71.07626209)",2016-09-24,8
358,I162078338,Disorderly Conduct,B2,264,0,2016-09-24 14:55:00,2016,9,Saturday,14,GAYLAND ST,42.31989006,-71.07626209,"(42.31989006, -71.07626209)",2016-09-24,8
359,I162078338,Warrant Arrests,B2,264,0,2016-09-24 14:55:00,2016,9,Saturday,14,GAYLAND ST,42.31989006,-71.07626209,"(42.31989006, -71.07626209)",2016-09-24,8
360,I162074826,Firearm Violations,C11, ,0,2016-09-13 19:13:00,2016,9,Tuesday,19,,42.30344978,-71.0715395,"(42.30344978, -71.07153950)",2016-09-13,8
361,I162074826,Motor Vehicle Accident Response,C11, ,0,2016-09-13 19:13:00,2016,9,Tuesday,19,,42.30344978,-71.0715395,"(42.30344978, -71.07153950)",2016-09-13,8
362,I162074826,Other,C11, ,0,2016-09-13 19:13:00,2016,9,Tuesday,19,,42.30344978,-71.0715395,"(42.30344978, -71.07153950)",2016-09-13,8
363,I162074826,Drug Violation,C11, ,0,2016-09-13 19:13:00,2016,9,Tuesday,19,,42.30344978,-71.0715395,"(42.30344978, -71.07153950)",2016-09-13,8
364,I162074826,Drug Violation,C11, ,0,2016-09-13 19:13:00,2016,9,Tuesday,19,,42.30344978,-71.0715395,"(42.30344978, -71.07153950)",2016-09-13,8
365,I162074826,Investigate Person,C11, ,0,2016-09-13 19:13:00,2016,9,Tuesday,19,,42.30344978,-71.0715395,"(42.30344978, -71.07153950)",2016-09-13,8
366,I162074826,Drug Violation,C11, ,0,2016-09-13 19:13:00,2016,9,Tuesday,19,,42.30344978,-71.0715395,"(42.30344978, -71.07153950)",2016-09-13,8
367,I162074826,Other,C11, ,0,2016-09-13 19:13:00,2016,9,Tuesday,19,,42.30344978,-71.0715395,"(42.30344978, -71.07153950)",2016-09-13,8
368,I162071327,Counterfeiting,A1,120,0,2016-09-01 19:59:00,2016,9,Thursday,19,CHARLES ST,42.35427162,-71.06838613,"(42.35427162, -71.06838613)",2016-09-01,9
369,I162071327,Drug Violation,A1,120,0,2016-09-01 19:59:00,2016,9,Thursday,19,CHARLES ST,42.35427162,-71.06838613,"(42.35427162, -71.06838613)",2016-09-01,9
370,I162071327,Firearm Violations,A1,120,0,2016-09-01 19:59:00,2016,9,Thursday,19,CHARLES ST,42.35427162,-71.06838613,"(42.35427162, -71.06838613)",2016-09-01,9
371,I162071327,Firearm Violations,A1,120,0,2016-09-01 19:59:00,2016,9,Thursday,19,CHARLES ST,42.35427162,-71.06838613,"(42.35427162, -71.06838613)",2016-09-01,9
372,I162071327,Recovered Stolen Property,A1,120,0,2016-09-01 19:59:00,2016,9,Thursday,19,CHARLES ST,42.35427162,-71.06838613,"(42.35427162, -71.06838613)",2016-09-01,9
373,I162071327,Drug Violation,A1,120,0,2016-09-01 19:59:00,2016,9,Thursday,19,CHARLES ST,42.35427162,-71.06838613,"(42.35427162, -71.06838613)",2016-09-01,9
374,I162071327,Drug Violation,A1,120,0,2016-09-01 19:59:00,2016,9,Thursday,19,CHARLES ST,42.35427162,-71.06838613,"(42.35427162, -71.06838613)",2016-09-01,9
375,I162071327,Other,A1,120,0,2016-09-01 19:59:00,2016,9,Thursday,19,CHARLES ST,42.35427162,-71.06838613,"(42.35427162, -71.06838613)",2016-09-01,9
376,I162071327,Drug Violation,A1,120,0,2016-09-01 19:59:00,2016,9,Thursday,19,CHARLES ST,42.35427162,-71.06838613,"(42.35427162, -71.06838613)",2016-09-01,9
377,I162067346,Aggravated Assault,B2,238,1,2016-08-20 00:05:00,2016,8,Saturday,0,DUDLEY TER,42.31814836,-71.06708346,"(42.31814836, -71.06708346)",2016-08-20,14
378,I162067346,Aggravated Assault,B2,238,1,2016-08-20 00:05:00,2016,8,Saturday,0,DUDLEY TER,42.31814836,-71.06708346,"(42.31814836, -71.06708346)",2016-08-20,14
379,I162067346,Medical Assistance,B2,238,1,2016-08-20 00:05:00,2016,8,Saturday,0,DUDLEY TER,42.31814836,-71.06708346,"(42.31814836, -71.06708346)",2016-08-20,14
380,I162067346,Medical Assistance,B2,238,1,2016-08-20 00:05:00,2016,8,Saturday,0,DUDLEY TER,42.31814836,-71.06708346,"(42.31814836, -71.06708346)",2016-08-20,14
381,I162067346,Homicide,B2,238,1,2016-08-20 00:05:00,2016,8,Saturday,0,DUDLEY TER,42.31814836,-71.06708346,"(42.31814836, -71.06708346)",2016-08-20,14
382,I162067346,Homicide,B2,238,1,2016-08-20 00:05:00,2016,8,Saturday,0,DUDLEY TER,42.31814836,-71.06708346,"(42.31814836, -71.06708346)",2016-08-20,14
383,I162067346,Firearm Violations,B2,238,1,2016-08-20 00:05:00,2016,8,Saturday,0,DUDLEY TER,42.31814836,-71.06708346,"(42.31814836, -71.06708346)",2016-08-20,14
384,I162067346,Firearm Violations,B2,238,1,2016-08-20 00:05:00,2016,8,Saturday,0,DUDLEY TER,42.31814836,-71.06708346,"(42.31814836, -71.06708346)",2016-08-20,14
385,I162067346,Firearm Violations,B2,238,1,2016-08-20 00:05:00,2016,8,Saturday,0,DUDLEY TER,42.31814836,-71.06708346,"(42.31814836, -71.06708346)",2016-08-20,14
386,I162067346,Firearm Violations,B2,238,1,2016-08-20 00:05:00,2016,8,Saturday,0,DUDLEY TER,42.31814836,-71.06708346,"(42.31814836, -71.06708346)",2016-08-20,14
387,I162067346,Warrant Arrests,B2,238,1,2016-08-20 00:05:00,2016,8,Saturday,0,DUDLEY TER,42.31814836,-71.06708346,"(42.31814836, -71.06708346)",2016-08-20,14
388,I162067346,Warrant Arrests,B2,238,1,2016-08-20 00:05:00,2016,8,Saturday,0,DUDLEY TER,42.31814836,-71.06708346,"(42.31814836, -71.06708346)",2016-08-20,14
389,I162067346,Aggravated Assault,B2,238,1,2016-08-20 00:05:00,2016,8,Saturday,0,DUDLEY TER,42.31814836,-71.06708346,"(42.31814836, -71.06708346)",2016-08-20,14
390,I162067346,Aggravated Assault,B2,238,1,2016-08-20 00:05:00,2016,8,Saturday,0,DUDLEY TER,42.31814836,-71.06708346,"(42.31814836, -71.06708346)",2016-08-20,14
391,I162048551,Aggravated Assault,B3,456,1,2016-06-19 00:35:00,2016,6,Sunday,0,ELLINGTON ST,42.30225172,-71.07935688,"(42.30225172, -71.07935688)",2016-06-19,8
392,I162048551,Aggravated Assault,B3,456,1,2016-06-19 00:35:00,2016,6,Sunday,0,ELLINGTON ST,42.30225172,-71.07935688,"(42.30225172, -71.07935688)",2016-06-19,8
393,I162048551,Drug Violation,B3,456,1,2016-06-19 00:35:00,2016,6,Sunday,0,ELLINGTON ST,42.30225172,-71.07935688,"(42.30225172, -71.07935688)",2016-06-19,8
394,I162048551,Drug Violation,B3,456,1,2016-06-19 00:35:00,2016,6,Sunday,0,ELLINGTON ST,42.30225172,-71.07935688,"(42.30225172, -71.07935688)",2016-06-19,8
395,I162048551,Warrant Arrests,B3,456,1,2016-06-19 00:35:00,2016,6,Sunday,0,ELLINGTON ST,42.30225172,-71.07935688,"(42.30225172, -71.07935688)",2016-06-19,8
396,I162048551,Warrant Arrests,B3,456,1,2016-06-19 00:35:00,2016,6,Sunday,0,ELLINGTON ST,42.30225172,-71.07935688,"(42.30225172, -71.07935688)",2016-06-19,8
397,I162048551,Drug Violation,B3,456,1,2016-06-19 00:35:00,2016,6,Sunday,0,ELLINGTON ST,42.30225172,-71.07935688,"(42.30225172, -71.07935688)",2016-06-19,8
398,I162048551,Drug Violation,B3,456,1,2016-06-19 00:35:00,2016,6,Sunday,0,ELLINGTON ST,42.30225172,-71.07935688,"(42.30225172, -71.07935688)",2016-06-19,8
399,I162045234,Homicide,B2,329,1,2016-06-08 00:00:00,2016,6,Wednesday,0,WASHINGTON ST,42.30775024,-71.08273084,"(42.30775024, -71.08273084)",2016-06-08,12
400,I162045234,Homicide,B2,329,1,2016-06-08 00:00:00,2016,6,Wednesday,0,WASHINGTON ST,42.30775024,-71.08273084,"(42.30775024, -71.08273084)",2016-06-08,12
401,I162045234,Homicide,B2,329,1,2016-06-08 00:00:00,2016,6,Wednesday,0,WASHINGTON ST,42.30775024,-71.08273084,"(42.30775024, -71.08273084)",2016-06-08,12
402,I162045234,Homicide,B2,329,1,2016-06-08 00:00:00,2016,6,Wednesday,0,WASHINGTON ST,42.30775024,-71.08273084,"(42.30775024, -71.08273084)",2016-06-08,12
403,I162045234,Firearm Violations,B2,329,1,2016-06-08 00:00:00,2016,6,Wednesday,0,WASHINGTON ST,42.30775024,-71.08273084,"(42.30775024, -71.08273084)",2016-06-08,12
404,I162045234,Firearm Violations,B2,329,1,2016-06-08 00:00:00,2016,6,Wednesday,0,WASHINGTON ST,42.30775024,-71.08273084,"(42.30775024, -71.08273084)",2016-06-08,12
405,I162045234,Firearm Violations,B2,329,1,2016-06-08 00:00:00,2016,6,Wednesday,0,WASHINGTON ST,42.30775024,-71.08273084,"(42.30775024, -71.08273084)",2016-06-08,12
406,I162045234,Firearm Violations,B2,329,1,2016-06-08 00:00:00,2016,6,Wednesday,0,WASHINGTON ST,42.30775024,-71.08273084,"(42.30775024, -71.08273084)",2016-06-08,12
407,I162045234,Warrant Arrests,B2,329,1,2016-06-08 00:00:00,2016,6,Wednesday,0,WASHINGTON ST,42.30775024,-71.08273084,"(42.30775024, -71.08273084)",2016-06-08,12
408,I162045234,Warrant Arrests,B2,329,1,2016-06-08 00:00:00,2016,6,Wednesday,0,WASHINGTON ST,42.30775024,-71.08273084,"(42.30775024, -71.08273084)",2016-06-08,12
409,I162045234,Warrant Arrests,B2,329,1,2016-06-08 00:00:00,2016,6,Wednesday,0,WASHINGTON ST,42.30775024,-71.08273084,"(42.30775024, -71.08273084)",2016-06-08,12
410,I162045234,Warrant Arrests,B2,329,1,2016-06-08 00:00:00,2016,6,Wednesday,0,WASHINGTON ST,42.30775024,-71.08273084,"(42.30775024, -71.08273084)",2016-06-08,12
411,I162030584,Firearm Violations,C11,243,0,2016-04-20 11:07:00,2016,4,Wednesday,11,TRESCOTT ST,42.31580044,-71.06052053,"(42.31580044, -71.06052053)",2016-04-20,13
412,I162030584,Recovered Stolen Property,C11,243,0,2016-04-20 11:07:00,2016,4,Wednesday,11,TRESCOTT ST,42.31580044,-71.06052053,"(42.31580044, -71.06052053)",2016-04-20,13
413,I162030584,Firearm Violations,C11,243,0,2016-04-20 11:07:00,2016,4,Wednesday,11,TRESCOTT ST,42.31580044,-71.06052053,"(42.31580044, -71.06052053)",2016-04-20,13
414,I162030584,Other,C11,243,0,2016-04-20 11:07:00,2016,4,Wednesday,11,TRESCOTT ST,42.31580044,-71.06052053,"(42.31580044, -71.06052053)",2016-04-20,13
415,I162030584,HOME INVASION,C11,243,0,2016-04-20 11:07:00,2016,4,Wednesday,11,TRESCOTT ST,42.31580044,-71.06052053,"(42.31580044, -71.06052053)",2016-04-20,13
416,I162030584,Confidence Games,C11,243,0,2016-04-20 11:07:00,2016,4,Wednesday,11,TRESCOTT ST,42.31580044,-71.06052053,"(42.31580044, -71.06052053)",2016-04-20,13
417,I162030584,Other,C11,243,0,2016-04-20 11:07:00,2016,4,Wednesday,11,TRESCOTT ST,42.31580044,-71.06052053,"(42.31580044, -71.06052053)",2016-04-20,13
418,I162030584,Drug Violation,C11,243,0,2016-04-20 11:07:00,2016,4,Wednesday,11,TRESCOTT ST,42.31580044,-71.06052053,"(42.31580044, -71.06052053)",2016-04-20,13
419,I162030584,Robbery,C11,243,0,2016-04-20 11:07:00,2016,4,Wednesday,11,TRESCOTT ST,42.31580044,-71.06052053,"(42.31580044, -71.06052053)",2016-04-20,13
420,I162030584,Simple Assault,C11,243,0,2016-04-20 11:07:00,2016,4,Wednesday,11,TRESCOTT ST,42.31580044,-71.06052053,"(42.31580044, -71.06052053)",2016-04-20,13
421,I162030584,Other,C11,243,0,2016-04-20 11:07:00,2016,4,Wednesday,11,TRESCOTT ST,42.31580044,-71.06052053,"(42.31580044, -71.06052053)",2016-04-20,13
422,I162030584,Warrant Arrests,C11,243,0,2016-04-20 11:07:00,2016,4,Wednesday,11,TRESCOTT ST,42.31580044,-71.06052053,"(42.31580044, -71.06052053)",2016-04-20,13
423,I162030584,Aggravated Assault,C11,243,0,2016-04-20 11:07:00,2016,4,Wednesday,11,TRESCOTT ST,42.31580044,-71.06052053,"(42.31580044, -71.06052053)",2016-04-20,13
424,I162011468,Aggravated Assault,B2,289,1,2016-02-12 10:00:00,2016,2,Friday,10,SCHROEDER PLZ,42.33367922,-71.09187755,"(42.33367922, -71.09187755)",2016-02-12,8
425,I162011468,Aggravated Assault,B2,289,1,2016-02-12 10:00:00,2016,2,Friday,10,SCHROEDER PLZ,42.33367922,-71.09187755,"(42.33367922, -71.09187755)",2016-02-12,8
426,I162011468,HOME INVASION,B2,289,1,2016-02-12 10:00:00,2016,2,Friday,10,SCHROEDER PLZ,42.33367922,-71.09187755,"(42.33367922, -71.09187755)",2016-02-12,8
427,I162011468,HOME INVASION,B2,289,1,2016-02-12 10:00:00,2016,2,Friday,10,SCHROEDER PLZ,42.33367922,-71.09187755,"(42.33367922, -71.09187755)",2016-02-12,8
428,I162011468,Robbery,B2,289,1,2016-02-12 10:00:00,2016,2,Friday,10,SCHROEDER PLZ,42.33367922,-71.09187755,"(42.33367922, -71.09187755)",2016-02-12,8
429,I162011468,Robbery,B2,289,1,2016-02-12 10:00:00,2016,2,Friday,10,SCHROEDER PLZ,42.33367922,-71.09187755,"(42.33367922, -71.09187755)",2016-02-12,8
430,I162011468,Aggravated Assault,B2,289,1,2016-02-12 10:00:00,2016,2,Friday,10,SCHROEDER PLZ,42.33367922,-71.09187755,"(42.33367922, -71.09187755)",2016-02-12,8
431,I162011468,Aggravated Assault,B2,289,1,2016-02-12 10:00:00,2016,2,Friday,10,SCHROEDER PLZ,42.33367922,-71.09187755,"(42.33367922, -71.09187755)",2016-02-12,8
432,I162001871,Disorderly Conduct,A1,102,0,2016-01-07 17:14:00,2016,1,Thursday,17,TREMONT ST,42.35637531,-71.06213513,"(42.35637531, -71.06213513)",2016-01-07,9
433,I162001871,Warrant Arrests,A1,102,0,2016-01-07 17:14:00,2016,1,Thursday,17,TREMONT ST,42.35637531,-71.06213513,"(42.35637531, -71.06213513)",2016-01-07,9
434,I162001871,Simple Assault,A1,102,0,2016-01-07 17:14:00,2016,1,Thursday,17,TREMONT ST,42.35637531,-71.06213513,"(42.35637531, -71.06213513)",2016-01-07,9
435,I162001871,Disorderly Conduct,A1,102,0,2016-01-07 17:14:00,2016,1,Thursday,17,TREMONT ST,42.35637531,-71.06213513,"(42.35637531, -71.06213513)",2016-01-07,9
436,I162001871,Simple Assault,A1,102,0,2016-01-07 17:14:00,2016,1,Thursday,17,TREMONT ST,42.35637531,-71.06213513,"(42.35637531, -71.06213513)",2016-01-07,9
437,I162001871,Aggravated Assault,A1,102,0,2016-01-07 17:14:00,2016,1,Thursday,17,TREMONT ST,42.35637531,-71.06213513,"(42.35637531, -71.06213513)",2016-01-07,9
438,I162001871,Other,A1,102,0,2016-01-07 17:14:00,2016,1,Thursday,17,TREMONT ST,42.35637531,-71.06213513,"(42.35637531, -71.06213513)",2016-01-07,9
439,I162001871,Other,A1,102,0,2016-01-07 17:14:00,2016,1,Thursday,17,TREMONT ST,42.35637531,-71.06213513,"(42.35637531, -71.06213513)",2016-01-07,9
440,I162001871,Vandalism,A1,102,0,2016-01-07 17:14:00,2016,1,Thursday,17,TREMONT ST,42.35637531,-71.06213513,"(42.35637531, -71.06213513)",2016-01-07,9
441,I152107190,Aggravated Assault,B3,427,1,2015-12-29 08:47:00,2015,12,Tuesday,8,WILMORE ST,42.27796370000001,-71.09246318,"(42.27796370, -71.09246318)",2015-12-29,8
442,I152107190,Aggravated Assault,B3,427,1,2015-12-29 08:47:00,2015,12,Tuesday,8,WILMORE ST,42.27796370000001,-71.09246318,"(42.27796370, -71.09246318)",2015-12-29,8
443,I152107190,Homicide,B3,427,1,2015-12-29 08:47:00,2015,12,Tuesday,8,WILMORE ST,42.27796370000001,-71.09246318,"(42.27796370, -71.09246318)",2015-12-29,8
444,I152107190,Homicide,B3,427,1,2015-12-29 08:47:00,2015,12,Tuesday,8,WILMORE ST,42.27796370000001,-71.09246318,"(42.27796370, -71.09246318)",2015-12-29,8
445,I152107190,Firearm Violations,B3,427,1,2015-12-29 08:47:00,2015,12,Tuesday,8,WILMORE ST,42.27796370000001,-71.09246318,"(42.27796370, -71.09246318)",2015-12-29,8
446,I152107190,Firearm Violations,B3,427,1,2015-12-29 08:47:00,2015,12,Tuesday,8,WILMORE ST,42.27796370000001,-71.09246318,"(42.27796370, -71.09246318)",2015-12-29,8
447,I152107190,Warrant Arrests,B3,427,1,2015-12-29 08:47:00,2015,12,Tuesday,8,WILMORE ST,42.27796370000001,-71.09246318,"(42.27796370, -71.09246318)",2015-12-29,8
448,I152107190,Warrant Arrests,B3,427,1,2015-12-29 08:47:00,2015,12,Tuesday,8,WILMORE ST,42.27796370000001,-71.09246318,"(42.27796370, -71.09246318)",2015-12-29,8
449,I152105431,Auto Theft,C11,450,0,2015-12-22 09:57:00,2015,12,Tuesday,9,WASHINGTON ST,42.29057504,-71.07165726,"(42.29057504, -71.07165726)",2015-12-22,8
450,I152105431,Fraud,C11,450,0,2015-12-22 09:57:00,2015,12,Tuesday,9,WASHINGTON ST,42.29057504,-71.07165726,"(42.29057504, -71.07165726)",2015-12-22,8
451,I152105431,Drug Violation,C11,450,0,2015-12-22 09:57:00,2015,12,Tuesday,9,WASHINGTON ST,42.29057504,-71.07165726,"(42.29057504, -71.07165726)",2015-12-22,8
452,I152105431,Counterfeiting,C11,450,0,2015-12-22 09:57:00,2015,12,Tuesday,9,WASHINGTON ST,42.29057504,-71.07165726,"(42.29057504, -71.07165726)",2015-12-22,8
453,I152105431,Drug Violation,C11,450,0,2015-12-22 09:57:00,2015,12,Tuesday,9,WASHINGTON ST,42.29057504,-71.07165726,"(42.29057504, -71.07165726)",2015-12-22,8
454,I152105431,Warrant Arrests,C11,450,0,2015-12-22 09:57:00,2015,12,Tuesday,9,WASHINGTON ST,42.29057504,-71.07165726,"(42.29057504, -71.07165726)",2015-12-22,8
455,I152105431,Recovered Stolen Property,C11,450,0,2015-12-22 09:57:00,2015,12,Tuesday,9,WASHINGTON ST,42.29057504,-71.07165726,"(42.29057504, -71.07165726)",2015-12-22,8
456,I152105431,Investigate Person,C11,450,0,2015-12-22 09:57:00,2015,12,Tuesday,9,WASHINGTON ST,42.29057504,-71.07165726,"(42.29057504, -71.07165726)",2015-12-22,8
457,I152097957,Homicide,D4,624,1,2015-11-26 02:00:00,2015,11,Thursday,2,YAWKEY WAY,42.34583312,-71.09845531,"(42.34583312, -71.09845531)",2015-11-26,12
458,I152097957,Homicide,D4,624,1,2015-11-26 02:00:00,2015,11,Thursday,2,YAWKEY WAY,42.34583312,-71.09845531,"(42.34583312, -71.09845531)",2015-11-26,12
459,I152097957,Homicide,D4,624,1,2015-11-26 02:00:00,2015,11,Thursday,2,YAWKEY WAY,42.34583312,-71.09845531,"(42.34583312, -71.09845531)",2015-11-26,12
460,I152097957,Homicide,D4,624,1,2015-11-26 02:00:00,2015,11,Thursday,2,YAWKEY WAY,42.34583312,-71.09845531,"(42.34583312, -71.09845531)",2015-11-26,12
461,I152097957,Firearm Discovery,D4,624,1,2015-11-26 02:00:00,2015,11,Thursday,2,YAWKEY WAY,42.34583312,-71.09845531,"(42.34583312, -71.09845531)",2015-11-26,12
462,I152097957,Firearm Discovery,D4,624,1,2015-11-26 02:00:00,2015,11,Thursday,2,YAWKEY WAY,42.34583312,-71.09845531,"(42.34583312, -71.09845531)",2015-11-26,12
463,I152097957,Firearm Discovery,D4,624,1,2015-11-26 02:00:00,2015,11,Thursday,2,YAWKEY WAY,42.34583312,-71.09845531,"(42.34583312, -71.09845531)",2015-11-26,12
464,I152097957,Firearm Discovery,D4,624,1,2015-11-26 02:00:00,2015,11,Thursday,2,YAWKEY WAY,42.34583312,-71.09845531,"(42.34583312, -71.09845531)",2015-11-26,12
465,I152097957,Warrant Arrests,D4,624,1,2015-11-26 02:00:00,2015,11,Thursday,2,YAWKEY WAY,42.34583312,-71.09845531,"(42.34583312, -71.09845531)",2015-11-26,12
466,I152097957,Warrant Arrests,D4,624,1,2015-11-26 02:00:00,2015,11,Thursday,2,YAWKEY WAY,42.34583312,-71.09845531,"(42.34583312, -71.09845531)",2015-11-26,12
467,I152097957,Warrant Arrests,D4,624,1,2015-11-26 02:00:00,2015,11,Thursday,2,YAWKEY WAY,42.34583312,-71.09845531,"(42.34583312, -71.09845531)",2015-11-26,12
468,I152097957,Warrant Arrests,D4,624,1,2015-11-26 02:00:00,2015,11,Thursday,2,YAWKEY WAY,42.34583312,-71.09845531,"(42.34583312, -71.09845531)",2015-11-26,12
469,I152080623,Other,D14,776,0,2015-09-27 20:29:00,2015,9,Sunday,20,UNION ST,42.34568023,-71.15074209,"(42.34568023, -71.15074209)",2015-09-27,11
470,I152080623,Other,D14,776,0,2015-09-27 20:29:00,2015,9,Sunday,20,UNION ST,42.34568023,-71.15074209,"(42.34568023, -71.15074209)",2015-09-27,11
471,I152080623,Vandalism,D14,776,0,2015-09-27 20:29:00,2015,9,Sunday,20,UNION ST,42.34568023,-71.15074209,"(42.34568023, -71.15074209)",2015-09-27,11
472,I152080623,Aggravated Assault,D14,776,0,2015-09-27 20:29:00,2015,9,Sunday,20,UNION ST,42.34568023,-71.15074209,"(42.34568023, -71.15074209)",2015-09-27,11
473,I152080623,Other,D14,776,0,2015-09-27 20:29:00,2015,9,Sunday,20,UNION ST,42.34568023,-71.15074209,"(42.34568023, -71.15074209)",2015-09-27,11
474,I152080623,Aggravated Assault,D14,776,0,2015-09-27 20:29:00,2015,9,Sunday,20,UNION ST,42.34568023,-71.15074209,"(42.34568023, -71.15074209)",2015-09-27,11
475,I152080623,Drug Violation,D14,776,0,2015-09-27 20:29:00,2015,9,Sunday,20,UNION ST,42.34568023,-71.15074209,"(42.34568023, -71.15074209)",2015-09-27,11
476,I152080623,Simple Assault,D14,776,0,2015-09-27 20:29:00,2015,9,Sunday,20,UNION ST,42.34568023,-71.15074209,"(42.34568023, -71.15074209)",2015-09-27,11
477,I152080623,Robbery,D14,776,0,2015-09-27 20:29:00,2015,9,Sunday,20,UNION ST,42.34568023,-71.15074209,"(42.34568023, -71.15074209)",2015-09-27,11
478,I152080623,Drug Violation,D14,776,0,2015-09-27 20:29:00,2015,9,Sunday,20,UNION ST,42.34568023,-71.15074209,"(42.34568023, -71.15074209)",2015-09-27,11
479,I152080623,Drug Violation,D14,776,0,2015-09-27 20:29:00,2015,9,Sunday,20,UNION ST,42.34568023,-71.15074209,"(42.34568023, -71.15074209)",2015-09-27,11
480,I152076465,Violations,C11,339,0,2015-09-14 16:46:00,2015,9,Monday,16,DORCHESTER AVE,42.30854728,-71.05821219,"(42.30854728, -71.05821219)",2015-09-14,8
481,I152076465,Simple Assault,C11,339,0,2015-09-14 16:46:00,2015,9,Monday,16,DORCHESTER AVE,42.30854728,-71.05821219,"(42.30854728, -71.05821219)",2015-09-14,8
482,I152076465,Warrant Arrests,C11,339,0,2015-09-14 16:46:00,2015,9,Monday,16,DORCHESTER AVE,42.30854728,-71.05821219,"(42.30854728, -71.05821219)",2015-09-14,8
483,I152076465,Disorderly Conduct,C11,339,0,2015-09-14 16:46:00,2015,9,Monday,16,DORCHESTER AVE,42.30854728,-71.05821219,"(42.30854728, -71.05821219)",2015-09-14,8
484,I152076465,Violations,C11,339,0,2015-09-14 16:46:00,2015,9,Monday,16,DORCHESTER AVE,42.30854728,-71.05821219,"(42.30854728, -71.05821219)",2015-09-14,8
485,I152076465,Aggravated Assault,C11,339,0,2015-09-14 16:46:00,2015,9,Monday,16,DORCHESTER AVE,42.30854728,-71.05821219,"(42.30854728, -71.05821219)",2015-09-14,8
486,I152076465,Other,C11,339,0,2015-09-14 16:46:00,2015,9,Monday,16,DORCHESTER AVE,42.30854728,-71.05821219,"(42.30854728, -71.05821219)",2015-09-14,8
487,I152076465,Other,C11,339,0,2015-09-14 16:46:00,2015,9,Monday,16,DORCHESTER AVE,42.30854728,-71.05821219,"(42.30854728, -71.05821219)",2015-09-14,8
488,I152071596,Missing Person Located,B2,326,1,2015-08-29 02:42:00,2015,8,Saturday,2,CRESTON ST,42.31195475,-71.07871912,"(42.31195475, -71.07871912)",2015-08-29,20
489,I152071596,Missing Person Located,B2,326,1,2015-08-29 02:42:00,2015,8,Saturday,2,CRESTON ST,42.31195475,-71.07871912,"(42.31195475, -71.07871912)",2015-08-29,20
490,I152071596,Missing Person Located,B2,326,1,2015-08-29 02:42:00,2015,8,Saturday,2,CRESTON ST,42.31195475,-71.07871912,"(42.31195475, -71.07871912)",2015-08-29,20
491,I152071596,Missing Person Located,B2,326,1,2015-08-29 02:42:00,2015,8,Saturday,2,CRESTON ST,42.31195475,-71.07871912,"(42.31195475, -71.07871912)",2015-08-29,20
492,I152071596,Aggravated Assault,B2,326,1,2015-08-29 02:42:00,2015,8,Saturday,2,CRESTON ST,42.31195475,-71.07871912,"(42.31195475, -71.07871912)",2015-08-29,20
493,I152071596,Aggravated Assault,B2,326,1,2015-08-29 02:42:00,2015,8,Saturday,2,CRESTON ST,42.31195475,-71.07871912,"(42.31195475, -71.07871912)",2015-08-29,20
494,I152071596,Aggravated Assault,B2,326,1,2015-08-29 02:42:00,2015,8,Saturday,2,CRESTON ST,42.31195475,-71.07871912,"(42.31195475, -71.07871912)",2015-08-29,20
495,I152071596,Aggravated Assault,B2,326,1,2015-08-29 02:42:00,2015,8,Saturday,2,CRESTON ST,42.31195475,-71.07871912,"(42.31195475, -71.07871912)",2015-08-29,20
496,I152071596,Medical Assistance,B2,326,1,2015-08-29 02:42:00,2015,8,Saturday,2,CRESTON ST,42.31195475,-71.07871912,"(42.31195475, -71.07871912)",2015-08-29,20
497,I152071596,Medical Assistance,B2,326,1,2015-08-29 02:42:00,2015,8,Saturday,2,CRESTON ST,42.31195475,-71.07871912,"(42.31195475, -71.07871912)",2015-08-29,20
498,I152071596,Medical Assistance,B2,326,1,2015-08-29 02:42:00,2015,8,Saturday,2,CRESTON ST,42.31195475,-71.07871912,"(42.31195475, -71.07871912)",2015-08-29,20
499,I152071596,Medical Assistance,B2,326,1,2015-08-29 02:42:00,2015,8,Saturday,2,CRESTON ST,42.31195475,-71.07871912,"(42.31195475, -71.07871912)",2015-08-29,20
500,I152071596,Homicide,B2,326,1,2015-08-29 02:42:00,2015,8,Saturday,2,CRESTON ST,42.31195475,-71.07871912,"(42.31195475, -71.07871912)",2015-08-29,20
501,I152071596,Homicide,B2,326,1,2015-08-29 02:42:00,2015,8,Saturday,2,CRESTON ST,42.31195475,-71.07871912,"(42.31195475, -71.07871912)",2015-08-29,20
502,I152071596,Homicide,B2,326,1,2015-08-29 02:42:00,2015,8,Saturday,2,CRESTON ST,42.31195475,-71.07871912,"(42.31195475, -71.07871912)",2015-08-29,20
503,I152071596,Homicide,B2,326,1,2015-08-29 02:42:00,2015,8,Saturday,2,CRESTON ST,42.31195475,-71.07871912,"(42.31195475, -71.07871912)",2015-08-29,20
504,I152071596,Ballistics,B2,326,1,2015-08-29 02:42:00,2015,8,Saturday,2,CRESTON ST,42.31195475,-71.07871912,"(42.31195475, -71.07871912)",2015-08-29,20
505,I152071596,Ballistics,B2,326,1,2015-08-29 02:42:00,2015,8,Saturday,2,CRESTON ST,42.31195475,-71.07871912,"(42.31195475, -71.07871912)",2015-08-29,20
506,I152071596,Ballistics,B2,326,1,2015-08-29 02:42:00,2015,8,Saturday,2,CRESTON ST,42.31195475,-71.07871912,"(42.31195475, -71.07871912)",2015-08-29,20
507,I152071596,Ballistics,B2,326,1,2015-08-29 02:42:00,2015,8,Saturday,2,CRESTON ST,42.31195475,-71.07871912,"(42.31195475, -71.07871912)",2015-08-29,20
508,I152064063,Aggravated Assault,B2,304,1,2015-08-03 12:43:00,2015,8,Monday,12,ACADEMY TER,42.32082221,-71.09731506,"(42.32082221, -71.09731506)",2015-08-03,9
509,I152064063,Aggravated Assault,B2,304,1,2015-08-03 12:43:00,2015,8,Monday,12,ACADEMY TER,42.32082221,-71.09731506,"(42.32082221, -71.09731506)",2015-08-03,9
510,I152064063,Aggravated Assault,B2,304,1,2015-08-03 12:43:00,2015,8,Monday,12,ACADEMY TER,42.32082221,-71.09731506,"(42.32082221, -71.09731506)",2015-08-03,9
511,I152064063,Drug Violation,B2,304,1,2015-08-03 12:43:00,2015,8,Monday,12,ACADEMY TER,42.32082221,-71.09731506,"(42.32082221, -71.09731506)",2015-08-03,9
512,I152064063,Drug Violation,B2,304,1,2015-08-03 12:43:00,2015,8,Monday,12,ACADEMY TER,42.32082221,-71.09731506,"(42.32082221, -71.09731506)",2015-08-03,9
513,I152064063,Drug Violation,B2,304,1,2015-08-03 12:43:00,2015,8,Monday,12,ACADEMY TER,42.32082221,-71.09731506,"(42.32082221, -71.09731506)",2015-08-03,9
514,I152064063,Warrant Arrests,B2,304,1,2015-08-03 12:43:00,2015,8,Monday,12,ACADEMY TER,42.32082221,-71.09731506,"(42.32082221, -71.09731506)",2015-08-03,9
515,I152064063,Warrant Arrests,B2,304,1,2015-08-03 12:43:00,2015,8,Monday,12,ACADEMY TER,42.32082221,-71.09731506,"(42.32082221, -71.09731506)",2015-08-03,9
516,I152064063,Warrant Arrests,B2,304,1,2015-08-03 12:43:00,2015,8,Monday,12,ACADEMY TER,42.32082221,-71.09731506,"(42.32082221, -71.09731506)",2015-08-03,9
517,I152054787,Homicide,B2,281,1,2015-07-02 23:08:00,2015,7,Thursday,23,GREENVILLE ST,42.32696802,-71.08051941,"(42.32696802, -71.08051941)",2015-07-02,10
518,I152054787,Homicide,B2,281,1,2015-07-02 23:08:00,2015,7,Thursday,23,GREENVILLE ST,42.32696802,-71.08051941,"(42.32696802, -71.08051941)",2015-07-02,10
519,I152054787,Aggravated Assault,B2,281,1,2015-07-02 23:08:00,2015,7,Thursday,23,GREENVILLE ST,42.32696802,-71.08051941,"(42.32696802, -71.08051941)",2015-07-02,10
520,I152054787,Aggravated Assault,B2,281,1,2015-07-02 23:08:00,2015,7,Thursday,23,GREENVILLE ST,42.32696802,-71.08051941,"(42.32696802, -71.08051941)",2015-07-02,10
521,I152054787,Medical Assistance,B2,281,1,2015-07-02 23:08:00,2015,7,Thursday,23,GREENVILLE ST,42.32696802,-71.08051941,"(42.32696802, -71.08051941)",2015-07-02,10
522,I152054787,Medical Assistance,B2,281,1,2015-07-02 23:08:00,2015,7,Thursday,23,GREENVILLE ST,42.32696802,-71.08051941,"(42.32696802, -71.08051941)",2015-07-02,10
523,I152054787,Property Found,B2,281,1,2015-07-02 23:08:00,2015,7,Thursday,23,GREENVILLE ST,42.32696802,-71.08051941,"(42.32696802, -71.08051941)",2015-07-02,10
524,I152054787,Property Found,B2,281,1,2015-07-02 23:08:00,2015,7,Thursday,23,GREENVILLE ST,42.32696802,-71.08051941,"(42.32696802, -71.08051941)",2015-07-02,10
525,I152054787,Search Warrants,B2,281,1,2015-07-02 23:08:00,2015,7,Thursday,23,GREENVILLE ST,42.32696802,-71.08051941,"(42.32696802, -71.08051941)",2015-07-02,10
526,I152054787,Search Warrants,B2,281,1,2015-07-02 23:08:00,2015,7,Thursday,23,GREENVILLE ST,42.32696802,-71.08051941,"(42.32696802, -71.08051941)",2015-07-02,10
527,I142017108-00,Warrant Arrests,A1,64,0,2015-06-16 15:55:00,2015,6,Tuesday,15,FRUIT ST,42.36240281,-71.06954652,"(42.36240281, -71.06954652)",2015-06-16,8
528,I142017108-00,Drug Violation,A1,64,0,2015-06-16 15:55:00,2015,6,Tuesday,15,FRUIT ST,42.36240281,-71.06954652,"(42.36240281, -71.06954652)",2015-06-16,8
529,I142017108-00,Drug Violation,A1,64,0,2015-06-16 15:55:00,2015,6,Tuesday,15,FRUIT ST,42.36240281,-71.06954652,"(42.36240281, -71.06954652)",2015-06-16,8
530,I142017108-00,Drug Violation,A1,64,0,2015-06-16 15:55:00,2015,6,Tuesday,15,FRUIT ST,42.36240281,-71.06954652,"(42.36240281, -71.06954652)",2015-06-16,8
531,I142017108-00,Drug Violation,A1,64,0,2015-06-16 15:55:00,2015,6,Tuesday,15,FRUIT ST,42.36240281,-71.06954652,"(42.36240281, -71.06954652)",2015-06-16,8
532,I142017108-00,Drug Violation,A1,64,0,2015-06-16 15:55:00,2015,6,Tuesday,15,FRUIT ST,42.36240281,-71.06954652,"(42.36240281, -71.06954652)",2015-06-16,8
533,I142017108-00,Warrant Arrests,A1,64,0,2015-06-16 15:55:00,2015,6,Tuesday,15,FRUIT ST,42.36240281,-71.06954652,"(42.36240281, -71.06954652)",2015-06-16,8
534,I142017108-00,Drug Violation,A1,64,0,2015-06-16 15:55:00,2015,6,Tuesday,15,FRUIT ST,42.36240281,-71.06954652,"(42.36240281, -71.06954652)",2015-06-16,8
535,I140148421-00,Other,E13,576,0,2015-09-25 18:30:00,2015,9,Friday,18,BISMARCK ST,42.31525538,-71.1022823,"(42.31525538, -71.10228230)",2015-09-25,9
536,I140148421-00,Warrant Arrests,E13,576,0,2015-09-25 18:30:00,2015,9,Friday,18,BISMARCK ST,42.31525538,-71.1022823,"(42.31525538, -71.10228230)",2015-09-25,9
537,I140148421-00,Drug Violation,E13,576,0,2015-09-25 18:30:00,2015,9,Friday,18,BISMARCK ST,42.31525538,-71.1022823,"(42.31525538, -71.10228230)",2015-09-25,9
538,I140148421-00,Drug Violation,E13,576,0,2015-09-25 18:30:00,2015,9,Friday,18,BISMARCK ST,42.31525538,-71.1022823,"(42.31525538, -71.10228230)",2015-09-25,9
539,I140148421-00,Drug Violation,E13,576,0,2015-09-25 18:30:00,2015,9,Friday,18,BISMARCK ST,42.31525538,-71.1022823,"(42.31525538, -71.10228230)",2015-09-25,9
540,I140148421-00,Drug Violation,E13,576,0,2015-09-25 18:30:00,2015,9,Friday,18,BISMARCK ST,42.31525538,-71.1022823,"(42.31525538, -71.10228230)",2015-09-25,9
541,I140148421-00,Drug Violation,E13,576,0,2015-09-25 18:30:00,2015,9,Friday,18,BISMARCK ST,42.31525538,-71.1022823,"(42.31525538, -71.10228230)",2015-09-25,9
542,I140148421-00,Drug Violation,E13,576,0,2015-09-25 18:30:00,2015,9,Friday,18,BISMARCK ST,42.31525538,-71.1022823,"(42.31525538, -71.10228230)",2015-09-25,9
543,I140148421-00,Drug Violation,E13,576,0,2015-09-25 18:30:00,2015,9,Friday,18,BISMARCK ST,42.31525538,-71.1022823,"(42.31525538, -71.10228230)",2015-09-25,9
544,I140036361-00,Warrant Arrests,E5,680,0,2015-07-10 10:15:00,2015,7,Friday,10,CORINTH ST,42.28636893,-71.13005503,"(42.28636893, -71.13005503)",2015-07-10,9
545,I140036361-00,Larceny,E5,680,0,2015-07-10 10:15:00,2015,7,Friday,10,CORINTH ST,42.28636893,-71.13005503,"(42.28636893, -71.13005503)",2015-07-10,9
546,I140036361-00,Larceny,E5,680,0,2015-07-10 10:15:00,2015,7,Friday,10,CORINTH ST,42.28636893,-71.13005503,"(42.28636893, -71.13005503)",2015-07-10,9
547,I140036361-00,Larceny,E5,680,0,2015-07-10 10:15:00,2015,7,Friday,10,CORINTH ST,42.28636893,-71.13005503,"(42.28636893, -71.13005503)",2015-07-10,9
548,I140036361-00,Larceny,E5,680,0,2015-07-10 10:15:00,2015,7,Friday,10,CORINTH ST,42.28636893,-71.13005503,"(42.28636893, -71.13005503)",2015-07-10,9
549,I140036361-00,Larceny,E5,680,0,2015-07-10 10:15:00,2015,7,Friday,10,CORINTH ST,42.28636893,-71.13005503,"(42.28636893, -71.13005503)",2015-07-10,9
550,I140036361-00,Larceny,E5,680,0,2015-07-10 10:15:00,2015,7,Friday,10,CORINTH ST,42.28636893,-71.13005503,"(42.28636893, -71.13005503)",2015-07-10,9
551,I140036361-00,Larceny,E5,680,0,2015-07-10 10:15:00,2015,7,Friday,10,CORINTH ST,42.28636893,-71.13005503,"(42.28636893, -71.13005503)",2015-07-10,9
552,I140036361-00,Warrant Arrests,E5,680,0,2015-07-10 10:15:00,2015,7,Friday,10,CORINTH ST,42.28636893,-71.13005503,"(42.28636893, -71.13005503)",2015-07-10,9
553,I130194606-00,Larceny,D4,136,0,2016-02-02 19:30:00,2016,2,Tuesday,19,COMMONWEALTH AVE,42.351153000000004,-71.08161374,"(42.35115300, -71.08161374)",2016-02-02,11
554,I130194606-00,Larceny,D4,136,0,2016-02-02 19:30:00,2016,2,Tuesday,19,COMMONWEALTH AVE,42.351153000000004,-71.08161374,"(42.35115300, -71.08161374)",2016-02-02,11
555,I130194606-00,Larceny,D4,136,0,2016-02-02 19:30:00,2016,2,Tuesday,19,COMMONWEALTH AVE,42.351153000000004,-71.08161374,"(42.35115300, -71.08161374)",2016-02-02,11
556,I130194606-00,Larceny,D4,136,0,2016-02-02 19:30:00,2016,2,Tuesday,19,COMMONWEALTH AVE,42.351153000000004,-71.08161374,"(42.35115300, -71.08161374)",2016-02-02,11
557,I130194606-00,Larceny,D4,136,0,2016-02-02 19:30:00,2016,2,Tuesday,19,COMMONWEALTH AVE,42.351153000000004,-71.08161374,"(42.35115300, -71.08161374)",2016-02-02,11
558,I130194606-00,Larceny,D4,136,0,2016-02-02 19:30:00,2016,2,Tuesday,19,COMMONWEALTH AVE,42.351153000000004,-71.08161374,"(42.35115300, -71.08161374)",2016-02-02,11
559,I130194606-00,Investigate Person,D4,136,0,2016-02-02 19:30:00,2016,2,Tuesday,19,COMMONWEALTH AVE,42.351153000000004,-71.08161374,"(42.35115300, -71.08161374)",2016-02-02,11
560,I130194606-00,INVESTIGATE PERSON,D4,136,0,2016-02-02 19:30:00,2016,2,Tuesday,19,COMMONWEALTH AVE,42.351153000000004,-71.08161374,"(42.35115300, -71.08161374)",2016-02-02,11
561,I130194606-00,Larceny,D4,136,0,2016-02-02 19:30:00,2016,2,Tuesday,19,COMMONWEALTH AVE,42.351153000000004,-71.08161374,"(42.35115300, -71.08161374)",2016-02-02,11
562,I130194606-00,Larceny,D4,136,0,2016-02-02 19:30:00,2016,2,Tuesday,19,COMMONWEALTH AVE,42.351153000000004,-71.08161374,"(42.35115300, -71.08161374)",2016-02-02,11
563,I130194606-00,Larceny,D4,136,0,2016-02-02 19:30:00,2016,2,Tuesday,19,COMMONWEALTH AVE,42.351153000000004,-71.08161374,"(42.35115300, -71.08161374)",2016-02-02,11
564,I130041200-00,Burglary - No Property Taken,B3,428,0,2015-12-07 11:38:00,2015,12,Monday,11,DIXWELL ST,42.31433402,-71.09791405,"(42.31433402, -71.09791405)",2015-12-07,13
565,I130041200-00,Burglary - No Property Taken,B3,428,0,2015-12-07 11:38:00,2015,12,Monday,11,DIXWELL ST,42.31433402,-71.09791405,"(42.31433402, -71.09791405)",2015-12-07,13
566,I130041200-00,Warrant Arrests,B3,428,0,2015-12-07 11:38:00,2015,12,Monday,11,DIXWELL ST,42.31433402,-71.09791405,"(42.31433402, -71.09791405)",2015-12-07,13
567,I130041200-00,Residential Burglary,B3,428,0,2015-12-07 11:38:00,2015,12,Monday,11,DIXWELL ST,42.31433402,-71.09791405,"(42.31433402, -71.09791405)",2015-12-07,13
568,I130041200-00,Commercial Burglary,B3,428,0,2015-12-07 11:38:00,2015,12,Monday,11,DIXWELL ST,42.31433402,-71.09791405,"(42.31433402, -71.09791405)",2015-12-07,13
569,I130041200-00,Commercial Burglary,B3,428,0,2015-12-07 11:38:00,2015,12,Monday,11,DIXWELL ST,42.31433402,-71.09791405,"(42.31433402, -71.09791405)",2015-12-07,13
570,I130041200-00,Commercial Burglary,B3,428,0,2015-12-07 11:38:00,2015,12,Monday,11,DIXWELL ST,42.31433402,-71.09791405,"(42.31433402, -71.09791405)",2015-12-07,13
571,I130041200-00,Commercial Burglary,B3,428,0,2015-12-07 11:38:00,2015,12,Monday,11,DIXWELL ST,42.31433402,-71.09791405,"(42.31433402, -71.09791405)",2015-12-07,13
572,I130041200-00,Larceny,B3,428,0,2015-12-07 11:38:00,2015,12,Monday,11,DIXWELL ST,42.31433402,-71.09791405,"(42.31433402, -71.09791405)",2015-12-07,13
573,I130041200-00,Warrant Arrests,B3,428,0,2015-12-07 11:38:00,2015,12,Monday,11,DIXWELL ST,42.31433402,-71.09791405,"(42.31433402, -71.09791405)",2015-12-07,13
574,I130041200-00,Commercial Burglary,B3,428,0,2015-12-07 11:38:00,2015,12,Monday,11,DIXWELL ST,42.31433402,-71.09791405,"(42.31433402, -71.09791405)",2015-12-07,13
575,I130041200-00,Commercial Burglary,B3,428,0,2015-12-07 11:38:00,2015,12,Monday,11,DIXWELL ST,42.31433402,-71.09791405,"(42.31433402, -71.09791405)",2015-12-07,13
576,I130041200-00,Residential Burglary,B3,428,0,2015-12-07 11:38:00,2015,12,Monday,11,DIXWELL ST,42.31433402,-71.09791405,"(42.31433402, -71.09791405)",2015-12-07,13
577,I070720870-00,Larceny,B2,318,0,2018-12-13 00:00:00,2018,12,Thursday,0,BROOKLEDGE ST,42.30956305,-71.08990197,"(42.30956305, -71.08990197)",2018-12-13,11
578,I070720870-00,Larceny,B2,318,0,2018-12-13 00:00:00,2018,12,Thursday,0,BROOKLEDGE ST,42.30956305,-71.08990197,"(42.30956305, -71.08990197)",2018-12-13,11
579,I070720870-00,Larceny,B2,318,0,2018-12-13 00:00:00,2018,12,Thursday,0,BROOKLEDGE ST,42.30956305,-71.08990197,"(42.30956305, -71.08990197)",2018-12-13,11
580,I070720870-00,Warrant Arrests,B2,318,0,2018-12-13 00:00:00,2018,12,Thursday,0,BROOKLEDGE ST,42.30956305,-71.08990197,"(42.30956305, -71.08990197)",2018-12-13,11
581,I070720870-00,Warrant Arrests,B2,318,0,2018-12-13 00:00:00,2018,12,Thursday,0,BROOKLEDGE ST,42.30956305,-71.08990197,"(42.30956305, -71.08990197)",2018-12-13,11
582,I070720870-00,Warrant Arrests,B2,318,0,2018-12-13 00:00:00,2018,12,Thursday,0,BROOKLEDGE ST,42.30956305,-71.08990197,"(42.30956305, -71.08990197)",2018-12-13,11
583,I070720870-00,Warrant Arrests,B2,318,0,2018-12-13 00:00:00,2018,12,Thursday,0,BROOKLEDGE ST,42.30956305,-71.08990197,"(42.30956305, -71.08990197)",2018-12-13,11
584,I070720870-00,Warrant Arrests,B2,318,0,2018-12-13 00:00:00,2018,12,Thursday,0,BROOKLEDGE ST,42.30956305,-71.08990197,"(42.30956305, -71.08990197)",2018-12-13,11
585,I070720870-00,Simple Assault,B2,318,0,2018-12-13 00:00:00,2018,12,Thursday,0,BROOKLEDGE ST,42.30956305,-71.08990197,"(42.30956305, -71.08990197)",2018-12-13,11
586,I070720870-00,Simple Assault,B2,318,0,2018-12-13 00:00:00,2018,12,Thursday,0,BROOKLEDGE ST,42.30956305,-71.08990197,"(42.30956305, -71.08990197)",2018-12-13,11
587,I070720870-00,Warrant Arrests,B2,318,0,2018-12-13 00:00:00,2018,12,Thursday,0,BROOKLEDGE ST,42.30956305,-71.08990197,"(42.30956305, -71.08990197)",2018-12-13,11
